-- MySQL dump 10.13  Distrib 8.0.37, for Linux (x86_64)
--
-- Host: localhost    Database: flowers_shop
-- ------------------------------------------------------
-- Server version	8.0.37

/*!40101 SET @OLD_CHARACTER_SET_CLIENT=@@CHARACTER_SET_CLIENT */;
/*!40101 SET @OLD_CHARACTER_SET_RESULTS=@@CHARACTER_SET_RESULTS */;
/*!40101 SET @OLD_COLLATION_CONNECTION=@@COLLATION_CONNECTION */;
/*!50503 SET NAMES utf8mb4 */;
/*!40103 SET @OLD_TIME_ZONE=@@TIME_ZONE */;
/*!40103 SET TIME_ZONE='+00:00' */;
/*!40014 SET @OLD_UNIQUE_CHECKS=@@UNIQUE_CHECKS, UNIQUE_CHECKS=0 */;
/*!40014 SET @OLD_FOREIGN_KEY_CHECKS=@@FOREIGN_KEY_CHECKS, FOREIGN_KEY_CHECKS=0 */;
/*!40101 SET @OLD_SQL_MODE=@@SQL_MODE, SQL_MODE='NO_AUTO_VALUE_ON_ZERO' */;
/*!40111 SET @OLD_SQL_NOTES=@@SQL_NOTES, SQL_NOTES=0 */;

--
-- Table structure for table `banners`
--

DROP TABLE IF EXISTS `banners`;
/*!40101 SET @saved_cs_client     = @@character_set_client */;
/*!50503 SET character_set_client = utf8mb4 */;
CREATE TABLE `banners` (
  `id` bigint unsigned NOT NULL AUTO_INCREMENT,
  `product_id` bigint unsigned DEFAULT NULL,
  `title_uk` varchar(255) CHARACTER SET utf8mb4 COLLATE utf8mb4_unicode_ci NOT NULL,
  `title_ru` varchar(255) CHARACTER SET utf8mb4 COLLATE utf8mb4_unicode_ci DEFAULT NULL,
  `link` varchar(255) CHARACTER SET utf8mb4 COLLATE utf8mb4_unicode_ci DEFAULT NULL,
  `btn_text_uk` varchar(255) CHARACTER SET utf8mb4 COLLATE utf8mb4_unicode_ci DEFAULT NULL,
  `btn_text_ru` varchar(255) CHARACTER SET utf8mb4 COLLATE utf8mb4_unicode_ci DEFAULT NULL,
  `image` varchar(255) CHARACTER SET utf8mb4 COLLATE utf8mb4_unicode_ci NOT NULL,
  `is_active` tinyint(1) NOT NULL DEFAULT '0',
  `created_at` timestamp NULL DEFAULT NULL,
  `updated_at` timestamp NULL DEFAULT NULL,
  PRIMARY KEY (`id`),
  KEY `banners_product_id_foreign` (`product_id`),
  CONSTRAINT `banners_product_id_foreign` FOREIGN KEY (`product_id`) REFERENCES `products` (`id`) ON DELETE SET NULL
) ENGINE=InnoDB AUTO_INCREMENT=5 DEFAULT CHARSET=utf8mb4 COLLATE=utf8mb4_unicode_ci;
/*!40101 SET character_set_client = @saved_cs_client */;

--
-- Dumping data for table `banners`
--

LOCK TABLES `banners` WRITE;
/*!40000 ALTER TABLE `banners` DISABLE KEYS */;
INSERT INTO `banners` VALUES (3,103,'Стильні букети та подарунки  у твоєму місті','Стильные букеты и подарки в твоем городе','catalog','Каталог','Каталог','public/R3FN3mvP3aYHjfZl_1714718211.png',1,'2024-04-16 08:14:15','2024-05-03 06:36:51'),(4,NULL,'знижки на тюльпани до -50%','Скидки на тюльпаны до -50%','catalog','Всі тюльпани','Всі тюльпани','public/lKHQ9MAK6EKnA5cF_1714718326.png',1,'2024-04-16 09:46:10','2024-05-03 06:38:46');
/*!40000 ALTER TABLE `banners` ENABLE KEYS */;
UNLOCK TABLES;

--
-- Table structure for table `categories`
--

DROP TABLE IF EXISTS `categories`;
/*!40101 SET @saved_cs_client     = @@character_set_client */;
/*!50503 SET character_set_client = utf8mb4 */;
CREATE TABLE `categories` (
  `id` bigint unsigned NOT NULL AUTO_INCREMENT,
  `title_uk` varchar(255) CHARACTER SET utf8mb4 COLLATE utf8mb4_unicode_ci NOT NULL,
  `title_ru` varchar(255) CHARACTER SET utf8mb4 COLLATE utf8mb4_unicode_ci DEFAULT NULL,
  `description_uk` text CHARACTER SET utf8mb4 COLLATE utf8mb4_unicode_ci,
  `description_ru` text CHARACTER SET utf8mb4 COLLATE utf8mb4_unicode_ci,
  `thumbnail` varchar(255) CHARACTER SET utf8mb4 COLLATE utf8mb4_unicode_ci NOT NULL,
  `is_show_on_homepage` tinyint(1) NOT NULL DEFAULT '0',
  `created_at` timestamp NULL DEFAULT NULL,
  `updated_at` timestamp NULL DEFAULT NULL,
  PRIMARY KEY (`id`)
) ENGINE=InnoDB AUTO_INCREMENT=5 DEFAULT CHARSET=utf8mb4 COLLATE=utf8mb4_unicode_ci;
/*!40101 SET character_set_client = @saved_cs_client */;

--
-- Dumping data for table `categories`
--

LOCK TABLES `categories` WRITE;
/*!40000 ALTER TABLE `categories` DISABLE KEYS */;
INSERT INTO `categories` VALUES (1,'Букети','Букеты','Lorem ipsum dolor sit amet, consectetur adipisicing elit. Accusantium aut autem dolorum, ipsam iure minima minus natus nobis nostrum quo quos saepe tempore ullam vel voluptate? Ad consequuntur corporis facere inventore molestiae neque quod rem repellat soluta vel. Architecto consectetur cumque dolorem esse iusto libero. Atque debitis nesciunt odit officiis porro soluta, suscipit? Alias consequuntur cupiditate ea earum facere magnam molestias mollitia repellat tempore voluptatibus. Deserunt exercitationem labore laboriosam, laborum maiores maxime nostrum nulla temporibus? Aliquid assumenda atque, aut beatae cum debitis delectus distinctio dolor doloribus eligendi enim id illo itaque iure laboriosam magni minima molestias nobis omnis optio qui recusandae reiciendis sint suscipit, ut velit veniam veritatis vitae voluptas voluptatem? Aspernatur molestias nam quo. Ab consectetur cum eveniet exercitationem expedita illo incidunt modi, nihil numquam rerum similique sit ut vitae.','Lorem ipsum dolor sit amet, consectetur adipisicing elit. Accusantium aut autem dolorum, ipsam iure minima minus natus nobis nostrum quo quos saepe tempore ullam vel voluptate? Ad consequuntur corporis facere inventore molestiae neque quod rem repellat soluta vel. Architecto consectetur cumque dolorem esse iusto libero. Atque debitis nesciunt odit officiis porro soluta, suscipit? Alias consequuntur cupiditate ea earum facere magnam molestias mollitia repellat tempore voluptatibus. Deserunt exercitationem labore laboriosam, laborum maiores maxime nostrum nulla temporibus? Aliquid assumenda atque, aut beatae cum debitis delectus distinctio dolor doloribus eligendi enim id illo itaque iure laboriosam magni minima molestias nobis omnis optio qui recusandae reiciendis sint suscipit, ut velit veniam veritatis vitae voluptas voluptatem? Aspernatur molestias nam quo. Ab consectetur cum eveniet exercitationem expedita illo incidunt modi, nihil numquam rerum similique sit ut vitae.','public/3ctKEd1N3hsv6xE7_1714718752.jpg',1,'2024-04-04 20:06:29','2024-05-03 06:45:52'),(3,'Аксесуари','Аксессуары','Lorem ipsum dolor sit amet, consectetur adipisicing elit. Accusantium aut autem dolorum, ipsam iure minima minus natus nobis nostrum quo quos saepe tempore ullam vel voluptate? Ad consequuntur corporis facere inventore molestiae neque quod rem repellat soluta vel. Architecto consectetur cumque dolorem esse iusto libero. Atque debitis nesciunt odit officiis porro soluta, suscipit? Alias consequuntur cupiditate ea earum facere magnam molestias mollitia repellat tempore voluptatibus. Deserunt exercitationem labore laboriosam, laborum maiores maxime nostrum nulla temporibus? Aliquid assumenda atque, aut beatae cum debitis delectus distinctio dolor doloribus eligendi enim id illo itaque iure laboriosam magni minima molestias nobis omnis optio qui recusandae reiciendis sint suscipit, ut velit veniam veritatis vitae voluptas voluptatem? Aspernatur molestias nam quo. Ab consectetur cum eveniet exercitationem expedita illo incidunt modi, nihil numquam rerum similique sit ut vitae. Ad adipisci alias asperiores at autem beatae blanditiis deleniti dolorum enim expedita explicabo illo in laudantium magnam minus molestias nihil nostrum possimus, quam, quisquam repellendus sed similique temporibus tenetur ullam veritatis vero. Aut autem commodi cupiditate distinctio dolores ea earum enim error est ex excepturi ipsam minus molestias mollitia nulla numquam officia placeat, porro possimus praesentium quam quis ratione repellendus repudiandae saepe sapiente sequi suscipit tempora temporibus tenetur ullam?','Lorem ipsum dolor sit amet, consectetur adipisicing elit. Accusantium aut autem dolorum, ipsam iure minima minus natus nobis nostrum quo quos saepe tempore ullam vel voluptate? Ad consequuntur corporis facere inventore molestiae neque quod rem repellat soluta vel. Architecto consectetur cumque dolorem esse iusto libero. Atque debitis nesciunt odit officiis porro soluta, suscipit? Alias consequuntur cupiditate ea earum facere magnam molestias mollitia repellat tempore voluptatibus. Deserunt exercitationem labore laboriosam, laborum maiores maxime nostrum nulla temporibus? Aliquid assumenda atque, aut beatae cum debitis delectus distinctio dolor doloribus eligendi enim id illo itaque iure laboriosam magni minima molestias nobis omnis optio qui recusandae reiciendis sint suscipit, ut velit veniam veritatis vitae voluptas voluptatem? Aspernatur molestias nam quo. Ab consectetur cum eveniet exercitationem expedita illo incidunt modi, nihil numquam rerum similique sit ut vitae. Ad adipisci alias asperiores at autem beatae blanditiis deleniti dolorum enim expedita explicabo illo in laudantium magnam minus molestias nihil nostrum possimus, quam, quisquam repellendus sed similique temporibus tenetur ullam veritatis vero. Aut autem commodi cupiditate distinctio dolores ea earum enim error est ex excepturi ipsam minus molestias mollitia nulla numquam officia placeat, porro possimus praesentium quam quis ratione repellendus repudiandae saepe sapiente sequi suscipit tempora temporibus tenetur ullam?','public/34ZR2BkliPixJFKT_1714718802.jpg',1,'2024-04-04 20:07:46','2024-05-03 06:46:42'),(4,'Свічки','Свечи','Разное описание свечей','Разное описание свечей','public/LeHoRjQH8zQRjgl4_1714718836.jpeg',1,'2024-04-08 14:12:01','2024-05-03 06:47:16');
/*!40000 ALTER TABLE `categories` ENABLE KEYS */;
UNLOCK TABLES;

--
-- Table structure for table `comments`
--

DROP TABLE IF EXISTS `comments`;
/*!40101 SET @saved_cs_client     = @@character_set_client */;
/*!50503 SET character_set_client = utf8mb4 */;
CREATE TABLE `comments` (
  `id` bigint unsigned NOT NULL AUTO_INCREMENT,
  `product_id` bigint unsigned NOT NULL,
  `content` text CHARACTER SET utf8mb4 COLLATE utf8mb4_unicode_ci NOT NULL,
  `user_name` varchar(255) CHARACTER SET utf8mb4 COLLATE utf8mb4_unicode_ci NOT NULL,
  `created_at` timestamp NULL DEFAULT NULL,
  `updated_at` timestamp NULL DEFAULT NULL,
  PRIMARY KEY (`id`),
  KEY `comments_product_id_foreign` (`product_id`),
  CONSTRAINT `comments_product_id_foreign` FOREIGN KEY (`product_id`) REFERENCES `products` (`id`) ON DELETE CASCADE
) ENGINE=InnoDB AUTO_INCREMENT=5 DEFAULT CHARSET=utf8mb4 COLLATE=utf8mb4_unicode_ci;
/*!40101 SET character_set_client = @saved_cs_client */;

--
-- Dumping data for table `comments`
--

LOCK TABLES `comments` WRITE;
/*!40000 ALTER TABLE `comments` DISABLE KEYS */;
INSERT INTO `comments` VALUES (1,104,'Все супер','Вася','2024-04-21 16:47:17','2024-04-21 16:47:17'),(2,103,'Супер всеË!!!','Вася','2024-04-21 16:52:38','2024-04-21 16:52:38'),(3,103,'Кросовок!!','Петя','2024-04-22 21:26:20','2024-04-22 21:26:20'),(4,100,'ljklnknlkn','jkjhkjh','2024-04-28 17:22:27','2024-04-28 17:22:27');
/*!40000 ALTER TABLE `comments` ENABLE KEYS */;
UNLOCK TABLES;

--
-- Table structure for table `failed_jobs`
--

DROP TABLE IF EXISTS `failed_jobs`;
/*!40101 SET @saved_cs_client     = @@character_set_client */;
/*!50503 SET character_set_client = utf8mb4 */;
CREATE TABLE `failed_jobs` (
  `id` bigint unsigned NOT NULL AUTO_INCREMENT,
  `uuid` varchar(255) CHARACTER SET utf8mb4 COLLATE utf8mb4_unicode_ci NOT NULL,
  `connection` text CHARACTER SET utf8mb4 COLLATE utf8mb4_unicode_ci NOT NULL,
  `queue` text CHARACTER SET utf8mb4 COLLATE utf8mb4_unicode_ci NOT NULL,
  `payload` longtext CHARACTER SET utf8mb4 COLLATE utf8mb4_unicode_ci NOT NULL,
  `exception` longtext CHARACTER SET utf8mb4 COLLATE utf8mb4_unicode_ci NOT NULL,
  `failed_at` timestamp NOT NULL DEFAULT CURRENT_TIMESTAMP,
  PRIMARY KEY (`id`),
  UNIQUE KEY `failed_jobs_uuid_unique` (`uuid`)
) ENGINE=InnoDB DEFAULT CHARSET=utf8mb4 COLLATE=utf8mb4_unicode_ci;
/*!40101 SET character_set_client = @saved_cs_client */;

--
-- Dumping data for table `failed_jobs`
--

LOCK TABLES `failed_jobs` WRITE;
/*!40000 ALTER TABLE `failed_jobs` DISABLE KEYS */;
/*!40000 ALTER TABLE `failed_jobs` ENABLE KEYS */;
UNLOCK TABLES;

--
-- Table structure for table `flower_product`
--

DROP TABLE IF EXISTS `flower_product`;
/*!40101 SET @saved_cs_client     = @@character_set_client */;
/*!50503 SET character_set_client = utf8mb4 */;
CREATE TABLE `flower_product` (
  `id` bigint unsigned NOT NULL AUTO_INCREMENT,
  `product_id` bigint unsigned DEFAULT NULL,
  `flower_id` bigint unsigned DEFAULT NULL,
  `created_at` timestamp NULL DEFAULT NULL,
  `updated_at` timestamp NULL DEFAULT NULL,
  PRIMARY KEY (`id`),
  KEY `flower_product_product_id_foreign` (`product_id`),
  KEY `flower_product_flower_id_foreign` (`flower_id`),
  CONSTRAINT `flower_product_flower_id_foreign` FOREIGN KEY (`flower_id`) REFERENCES `flowers` (`id`) ON DELETE SET NULL,
  CONSTRAINT `flower_product_product_id_foreign` FOREIGN KEY (`product_id`) REFERENCES `products` (`id`) ON DELETE SET NULL
) ENGINE=InnoDB AUTO_INCREMENT=10 DEFAULT CHARSET=utf8mb4 COLLATE=utf8mb4_unicode_ci;
/*!40101 SET character_set_client = @saved_cs_client */;

--
-- Dumping data for table `flower_product`
--

LOCK TABLES `flower_product` WRITE;
/*!40000 ALTER TABLE `flower_product` DISABLE KEYS */;
INSERT INTO `flower_product` VALUES (2,109,4,NULL,NULL),(3,109,4,NULL,NULL),(4,109,4,NULL,NULL),(5,100,1,NULL,NULL),(6,100,1,NULL,NULL),(7,109,4,NULL,NULL),(8,100,1,NULL,NULL),(9,109,4,NULL,NULL);
/*!40000 ALTER TABLE `flower_product` ENABLE KEYS */;
UNLOCK TABLES;

--
-- Table structure for table `flowers`
--

DROP TABLE IF EXISTS `flowers`;
/*!40101 SET @saved_cs_client     = @@character_set_client */;
/*!50503 SET character_set_client = utf8mb4 */;
CREATE TABLE `flowers` (
  `id` bigint unsigned NOT NULL AUTO_INCREMENT,
  `name_uk` varchar(255) CHARACTER SET utf8mb4 COLLATE utf8mb4_unicode_ci NOT NULL,
  `name_ru` varchar(255) CHARACTER SET utf8mb4 COLLATE utf8mb4_unicode_ci NOT NULL,
  `created_at` timestamp NULL DEFAULT NULL,
  `updated_at` timestamp NULL DEFAULT NULL,
  PRIMARY KEY (`id`)
) ENGINE=InnoDB AUTO_INCREMENT=8 DEFAULT CHARSET=utf8mb4 COLLATE=utf8mb4_unicode_ci;
/*!40101 SET character_set_client = @saved_cs_client */;

--
-- Dumping data for table `flowers`
--

LOCK TABLES `flowers` WRITE;
/*!40000 ALTER TABLE `flowers` DISABLE KEYS */;
INSERT INTO `flowers` VALUES (1,'Тюльпан','Тюльпан','2024-04-18 11:19:08','2024-04-18 11:19:08'),(2,'Роза','Роза','2024-04-18 11:19:37','2024-04-18 11:19:37'),(3,'Гладиолус','Гладиолус','2024-04-18 11:19:51','2024-04-18 11:19:51'),(4,'Лотос','Лотос','2024-04-18 11:20:02','2024-04-18 11:20:02');
/*!40000 ALTER TABLE `flowers` ENABLE KEYS */;
UNLOCK TABLES;

--
-- Table structure for table `flowersshop`
--

DROP TABLE IF EXISTS `flowersshop`;
/*!40101 SET @saved_cs_client     = @@character_set_client */;
/*!50503 SET character_set_client = utf8mb4 */;
CREATE TABLE `flowersshop` (
  `C1` text,
  `C2` text,
  `C3` text,
  `C4` text,
  `C5` text,
  `C6` text,
  `C7` text,
  `C8` text,
  `C9` text,
  `C10` text,
  `C11` text,
  `C12` text,
  `C13` text,
  `C14` text,
  `C15` text,
  `C16` text,
  `C17` text,
  `C18` text,
  `C19` text,
  `C20` text,
  `C21` text,
  `C22` text,
  `C23` text,
  `C24` text,
  `C25` text,
  `C26` text,
  `C27` text,
  `C28` text,
  `C29` text,
  `C30` text,
  `C31` text,
  `C32` text,
  `C33` text,
  `C34` text,
  `C35` text,
  `C36` text,
  `C37` text,
  `C38` text,
  `C39` text,
  `C40` text,
  `C41` text,
  `C42` text,
  `C43` text,
  `C44` text,
  `C45` text,
  `C46` text,
  `C47` text,
  `C48` text,
  `C49` text,
  `C50` text,
  `C51` text,
  `C52` text,
  `C53` text,
  `C54` text,
  `C55` text,
  `C56` text,
  `C57` text,
  `C58` text,
  `C59` text,
  `C60` text,
  `C61` text,
  `C62` text,
  `C63` text,
  `C64` text,
  `C65` text,
  `C66` text,
  `C67` text,
  `C68` text,
  `C69` text,
  `C70` text,
  `C71` text,
  `C72` text,
  `C73` text,
  `C74` text,
  `C75` text,
  `C76` text
) ENGINE=InnoDB DEFAULT CHARSET=utf8mb4 COLLATE=utf8mb4_0900_ai_ci;
/*!40101 SET character_set_client = @saved_cs_client */;

--
-- Dumping data for table `flowersshop`
--

LOCK TABLES `flowersshop` WRITE;
/*!40000 ALTER TABLE `flowersshop` DISABLE KEYS */;
INSERT INTO `flowersshop` VALUES ('-- MySQL dump 10.13  Distrib 8.0.29',' for macos11.6 (x86_64)',NULL,NULL,NULL,NULL,NULL,NULL,NULL,NULL,NULL,NULL,NULL,NULL,NULL,NULL,NULL,NULL,NULL,NULL,NULL,NULL,NULL,NULL,NULL,NULL,NULL,NULL,NULL,NULL,NULL,NULL,NULL,NULL,NULL,NULL,NULL,NULL,NULL,NULL,NULL,NULL,NULL,NULL,NULL,NULL,NULL,NULL,NULL,NULL,NULL,NULL,NULL,NULL,NULL,NULL,NULL,NULL,NULL,NULL,NULL,NULL,NULL,NULL,NULL,NULL,NULL,NULL,NULL,NULL,NULL,NULL,NULL,NULL,NULL,NULL),('/*!40014 SET @OLD_UNIQUE_CHECKS=@@UNIQUE_CHECKS',' UNIQUE_CHECKS=0 */;',NULL,NULL,NULL,NULL,NULL,NULL,NULL,NULL,NULL,NULL,NULL,NULL,NULL,NULL,NULL,NULL,NULL,NULL,NULL,NULL,NULL,NULL,NULL,NULL,NULL,NULL,NULL,NULL,NULL,NULL,NULL,NULL,NULL,NULL,NULL,NULL,NULL,NULL,NULL,NULL,NULL,NULL,NULL,NULL,NULL,NULL,NULL,NULL,NULL,NULL,NULL,NULL,NULL,NULL,NULL,NULL,NULL,NULL,NULL,NULL,NULL,NULL,NULL,NULL,NULL,NULL,NULL,NULL,NULL,NULL,NULL,NULL,NULL,NULL),('/*!40014 SET @OLD_FOREIGN_KEY_CHECKS=@@FOREIGN_KEY_CHECKS',' FOREIGN_KEY_CHECKS=0 */;',NULL,NULL,NULL,NULL,NULL,NULL,NULL,NULL,NULL,NULL,NULL,NULL,NULL,NULL,NULL,NULL,NULL,NULL,NULL,NULL,NULL,NULL,NULL,NULL,NULL,NULL,NULL,NULL,NULL,NULL,NULL,NULL,NULL,NULL,NULL,NULL,NULL,NULL,NULL,NULL,NULL,NULL,NULL,NULL,NULL,NULL,NULL,NULL,NULL,NULL,NULL,NULL,NULL,NULL,NULL,NULL,NULL,NULL,NULL,NULL,NULL,NULL,NULL,NULL,NULL,NULL,NULL,NULL,NULL,NULL,NULL,NULL,NULL,NULL),('/*!40101 SET @OLD_SQL_MODE=@@SQL_MODE',' SQL_MODE=\'NO_AUTO_VALUE_ON_ZERO\' */;',NULL,NULL,NULL,NULL,NULL,NULL,NULL,NULL,NULL,NULL,NULL,NULL,NULL,NULL,NULL,NULL,NULL,NULL,NULL,NULL,NULL,NULL,NULL,NULL,NULL,NULL,NULL,NULL,NULL,NULL,NULL,NULL,NULL,NULL,NULL,NULL,NULL,NULL,NULL,NULL,NULL,NULL,NULL,NULL,NULL,NULL,NULL,NULL,NULL,NULL,NULL,NULL,NULL,NULL,NULL,NULL,NULL,NULL,NULL,NULL,NULL,NULL,NULL,NULL,NULL,NULL,NULL,NULL,NULL,NULL,NULL,NULL,NULL,NULL),('/*!40111 SET @OLD_SQL_NOTES=@@SQL_NOTES',' SQL_NOTES=0 */;',NULL,NULL,NULL,NULL,NULL,NULL,NULL,NULL,NULL,NULL,NULL,NULL,NULL,NULL,NULL,NULL,NULL,NULL,NULL,NULL,NULL,NULL,NULL,NULL,NULL,NULL,NULL,NULL,NULL,NULL,NULL,NULL,NULL,NULL,NULL,NULL,NULL,NULL,NULL,NULL,NULL,NULL,NULL,NULL,NULL,NULL,NULL,NULL,NULL,NULL,NULL,NULL,NULL,NULL,NULL,NULL,NULL,NULL,NULL,NULL,NULL,NULL,NULL,NULL,NULL,NULL,NULL,NULL,NULL,NULL,NULL,NULL,NULL,NULL),('  `id` bigint unsigned NOT NULL AUTO_INCREMENT',NULL,NULL,NULL,NULL,NULL,NULL,NULL,NULL,NULL,NULL,NULL,NULL,NULL,NULL,NULL,NULL,NULL,NULL,NULL,NULL,NULL,NULL,NULL,NULL,NULL,NULL,NULL,NULL,NULL,NULL,NULL,NULL,NULL,NULL,NULL,NULL,NULL,NULL,NULL,NULL,NULL,NULL,NULL,NULL,NULL,NULL,NULL,NULL,NULL,NULL,NULL,NULL,NULL,NULL,NULL,NULL,NULL,NULL,NULL,NULL,NULL,NULL,NULL,NULL,NULL,NULL,NULL,NULL,NULL,NULL,NULL,NULL,NULL,NULL,NULL),('  `product_id` bigint unsigned DEFAULT NULL',NULL,NULL,NULL,NULL,NULL,NULL,NULL,NULL,NULL,NULL,NULL,NULL,NULL,NULL,NULL,NULL,NULL,NULL,NULL,NULL,NULL,NULL,NULL,NULL,NULL,NULL,NULL,NULL,NULL,NULL,NULL,NULL,NULL,NULL,NULL,NULL,NULL,NULL,NULL,NULL,NULL,NULL,NULL,NULL,NULL,NULL,NULL,NULL,NULL,NULL,NULL,NULL,NULL,NULL,NULL,NULL,NULL,NULL,NULL,NULL,NULL,NULL,NULL,NULL,NULL,NULL,NULL,NULL,NULL,NULL,NULL,NULL,NULL,NULL,NULL),('  `title_uk` varchar(255) COLLATE utf8mb4_unicode_ci NOT NULL',NULL,NULL,NULL,NULL,NULL,NULL,NULL,NULL,NULL,NULL,NULL,NULL,NULL,NULL,NULL,NULL,NULL,NULL,NULL,NULL,NULL,NULL,NULL,NULL,NULL,NULL,NULL,NULL,NULL,NULL,NULL,NULL,NULL,NULL,NULL,NULL,NULL,NULL,NULL,NULL,NULL,NULL,NULL,NULL,NULL,NULL,NULL,NULL,NULL,NULL,NULL,NULL,NULL,NULL,NULL,NULL,NULL,NULL,NULL,NULL,NULL,NULL,NULL,NULL,NULL,NULL,NULL,NULL,NULL,NULL,NULL,NULL,NULL,NULL,NULL),('  `title_ru` varchar(255) COLLATE utf8mb4_unicode_ci DEFAULT NULL',NULL,NULL,NULL,NULL,NULL,NULL,NULL,NULL,NULL,NULL,NULL,NULL,NULL,NULL,NULL,NULL,NULL,NULL,NULL,NULL,NULL,NULL,NULL,NULL,NULL,NULL,NULL,NULL,NULL,NULL,NULL,NULL,NULL,NULL,NULL,NULL,NULL,NULL,NULL,NULL,NULL,NULL,NULL,NULL,NULL,NULL,NULL,NULL,NULL,NULL,NULL,NULL,NULL,NULL,NULL,NULL,NULL,NULL,NULL,NULL,NULL,NULL,NULL,NULL,NULL,NULL,NULL,NULL,NULL,NULL,NULL,NULL,NULL,NULL,NULL),('  `link` varchar(255) COLLATE utf8mb4_unicode_ci DEFAULT NULL',NULL,NULL,NULL,NULL,NULL,NULL,NULL,NULL,NULL,NULL,NULL,NULL,NULL,NULL,NULL,NULL,NULL,NULL,NULL,NULL,NULL,NULL,NULL,NULL,NULL,NULL,NULL,NULL,NULL,NULL,NULL,NULL,NULL,NULL,NULL,NULL,NULL,NULL,NULL,NULL,NULL,NULL,NULL,NULL,NULL,NULL,NULL,NULL,NULL,NULL,NULL,NULL,NULL,NULL,NULL,NULL,NULL,NULL,NULL,NULL,NULL,NULL,NULL,NULL,NULL,NULL,NULL,NULL,NULL,NULL,NULL,NULL,NULL,NULL,NULL),('  `btn_text_uk` varchar(255) COLLATE utf8mb4_unicode_ci DEFAULT NULL',NULL,NULL,NULL,NULL,NULL,NULL,NULL,NULL,NULL,NULL,NULL,NULL,NULL,NULL,NULL,NULL,NULL,NULL,NULL,NULL,NULL,NULL,NULL,NULL,NULL,NULL,NULL,NULL,NULL,NULL,NULL,NULL,NULL,NULL,NULL,NULL,NULL,NULL,NULL,NULL,NULL,NULL,NULL,NULL,NULL,NULL,NULL,NULL,NULL,NULL,NULL,NULL,NULL,NULL,NULL,NULL,NULL,NULL,NULL,NULL,NULL,NULL,NULL,NULL,NULL,NULL,NULL,NULL,NULL,NULL,NULL,NULL,NULL,NULL,NULL),('  `btn_text_ru` varchar(255) COLLATE utf8mb4_unicode_ci DEFAULT NULL',NULL,NULL,NULL,NULL,NULL,NULL,NULL,NULL,NULL,NULL,NULL,NULL,NULL,NULL,NULL,NULL,NULL,NULL,NULL,NULL,NULL,NULL,NULL,NULL,NULL,NULL,NULL,NULL,NULL,NULL,NULL,NULL,NULL,NULL,NULL,NULL,NULL,NULL,NULL,NULL,NULL,NULL,NULL,NULL,NULL,NULL,NULL,NULL,NULL,NULL,NULL,NULL,NULL,NULL,NULL,NULL,NULL,NULL,NULL,NULL,NULL,NULL,NULL,NULL,NULL,NULL,NULL,NULL,NULL,NULL,NULL,NULL,NULL,NULL,NULL),('  `image` varchar(255) COLLATE utf8mb4_unicode_ci NOT NULL',NULL,NULL,NULL,NULL,NULL,NULL,NULL,NULL,NULL,NULL,NULL,NULL,NULL,NULL,NULL,NULL,NULL,NULL,NULL,NULL,NULL,NULL,NULL,NULL,NULL,NULL,NULL,NULL,NULL,NULL,NULL,NULL,NULL,NULL,NULL,NULL,NULL,NULL,NULL,NULL,NULL,NULL,NULL,NULL,NULL,NULL,NULL,NULL,NULL,NULL,NULL,NULL,NULL,NULL,NULL,NULL,NULL,NULL,NULL,NULL,NULL,NULL,NULL,NULL,NULL,NULL,NULL,NULL,NULL,NULL,NULL,NULL,NULL,NULL,NULL),('  `is_active` tinyint(1) NOT NULL DEFAULT \'0\'',NULL,NULL,NULL,NULL,NULL,NULL,NULL,NULL,NULL,NULL,NULL,NULL,NULL,NULL,NULL,NULL,NULL,NULL,NULL,NULL,NULL,NULL,NULL,NULL,NULL,NULL,NULL,NULL,NULL,NULL,NULL,NULL,NULL,NULL,NULL,NULL,NULL,NULL,NULL,NULL,NULL,NULL,NULL,NULL,NULL,NULL,NULL,NULL,NULL,NULL,NULL,NULL,NULL,NULL,NULL,NULL,NULL,NULL,NULL,NULL,NULL,NULL,NULL,NULL,NULL,NULL,NULL,NULL,NULL,NULL,NULL,NULL,NULL,NULL,NULL),('  `created_at` timestamp NULL DEFAULT NULL',NULL,NULL,NULL,NULL,NULL,NULL,NULL,NULL,NULL,NULL,NULL,NULL,NULL,NULL,NULL,NULL,NULL,NULL,NULL,NULL,NULL,NULL,NULL,NULL,NULL,NULL,NULL,NULL,NULL,NULL,NULL,NULL,NULL,NULL,NULL,NULL,NULL,NULL,NULL,NULL,NULL,NULL,NULL,NULL,NULL,NULL,NULL,NULL,NULL,NULL,NULL,NULL,NULL,NULL,NULL,NULL,NULL,NULL,NULL,NULL,NULL,NULL,NULL,NULL,NULL,NULL,NULL,NULL,NULL,NULL,NULL,NULL,NULL,NULL,NULL),('  `updated_at` timestamp NULL DEFAULT NULL',NULL,NULL,NULL,NULL,NULL,NULL,NULL,NULL,NULL,NULL,NULL,NULL,NULL,NULL,NULL,NULL,NULL,NULL,NULL,NULL,NULL,NULL,NULL,NULL,NULL,NULL,NULL,NULL,NULL,NULL,NULL,NULL,NULL,NULL,NULL,NULL,NULL,NULL,NULL,NULL,NULL,NULL,NULL,NULL,NULL,NULL,NULL,NULL,NULL,NULL,NULL,NULL,NULL,NULL,NULL,NULL,NULL,NULL,NULL,NULL,NULL,NULL,NULL,NULL,NULL,NULL,NULL,NULL,NULL,NULL,NULL,NULL,NULL,NULL,NULL),('  PRIMARY KEY (`id`)',NULL,NULL,NULL,NULL,NULL,NULL,NULL,NULL,NULL,NULL,NULL,NULL,NULL,NULL,NULL,NULL,NULL,NULL,NULL,NULL,NULL,NULL,NULL,NULL,NULL,NULL,NULL,NULL,NULL,NULL,NULL,NULL,NULL,NULL,NULL,NULL,NULL,NULL,NULL,NULL,NULL,NULL,NULL,NULL,NULL,NULL,NULL,NULL,NULL,NULL,NULL,NULL,NULL,NULL,NULL,NULL,NULL,NULL,NULL,NULL,NULL,NULL,NULL,NULL,NULL,NULL,NULL,NULL,NULL,NULL,NULL,NULL,NULL,NULL,NULL),('  KEY `banners_product_id_foreign` (`product_id`)',NULL,NULL,NULL,NULL,NULL,NULL,NULL,NULL,NULL,NULL,NULL,NULL,NULL,NULL,NULL,NULL,NULL,NULL,NULL,NULL,NULL,NULL,NULL,NULL,NULL,NULL,NULL,NULL,NULL,NULL,NULL,NULL,NULL,NULL,NULL,NULL,NULL,NULL,NULL,NULL,NULL,NULL,NULL,NULL,NULL,NULL,NULL,NULL,NULL,NULL,NULL,NULL,NULL,NULL,NULL,NULL,NULL,NULL,NULL,NULL,NULL,NULL,NULL,NULL,NULL,NULL,NULL,NULL,NULL,NULL,NULL,NULL,NULL,NULL,NULL),('  `id` bigint unsigned NOT NULL AUTO_INCREMENT',NULL,NULL,NULL,NULL,NULL,NULL,NULL,NULL,NULL,NULL,NULL,NULL,NULL,NULL,NULL,NULL,NULL,NULL,NULL,NULL,NULL,NULL,NULL,NULL,NULL,NULL,NULL,NULL,NULL,NULL,NULL,NULL,NULL,NULL,NULL,NULL,NULL,NULL,NULL,NULL,NULL,NULL,NULL,NULL,NULL,NULL,NULL,NULL,NULL,NULL,NULL,NULL,NULL,NULL,NULL,NULL,NULL,NULL,NULL,NULL,NULL,NULL,NULL,NULL,NULL,NULL,NULL,NULL,NULL,NULL,NULL,NULL,NULL,NULL,NULL),('  `title_uk` varchar(255) COLLATE utf8mb4_unicode_ci NOT NULL',NULL,NULL,NULL,NULL,NULL,NULL,NULL,NULL,NULL,NULL,NULL,NULL,NULL,NULL,NULL,NULL,NULL,NULL,NULL,NULL,NULL,NULL,NULL,NULL,NULL,NULL,NULL,NULL,NULL,NULL,NULL,NULL,NULL,NULL,NULL,NULL,NULL,NULL,NULL,NULL,NULL,NULL,NULL,NULL,NULL,NULL,NULL,NULL,NULL,NULL,NULL,NULL,NULL,NULL,NULL,NULL,NULL,NULL,NULL,NULL,NULL,NULL,NULL,NULL,NULL,NULL,NULL,NULL,NULL,NULL,NULL,NULL,NULL,NULL,NULL),('  `title_ru` varchar(255) COLLATE utf8mb4_unicode_ci DEFAULT NULL',NULL,NULL,NULL,NULL,NULL,NULL,NULL,NULL,NULL,NULL,NULL,NULL,NULL,NULL,NULL,NULL,NULL,NULL,NULL,NULL,NULL,NULL,NULL,NULL,NULL,NULL,NULL,NULL,NULL,NULL,NULL,NULL,NULL,NULL,NULL,NULL,NULL,NULL,NULL,NULL,NULL,NULL,NULL,NULL,NULL,NULL,NULL,NULL,NULL,NULL,NULL,NULL,NULL,NULL,NULL,NULL,NULL,NULL,NULL,NULL,NULL,NULL,NULL,NULL,NULL,NULL,NULL,NULL,NULL,NULL,NULL,NULL,NULL,NULL,NULL),('  `description_uk` text COLLATE utf8mb4_unicode_ci',NULL,NULL,NULL,NULL,NULL,NULL,NULL,NULL,NULL,NULL,NULL,NULL,NULL,NULL,NULL,NULL,NULL,NULL,NULL,NULL,NULL,NULL,NULL,NULL,NULL,NULL,NULL,NULL,NULL,NULL,NULL,NULL,NULL,NULL,NULL,NULL,NULL,NULL,NULL,NULL,NULL,NULL,NULL,NULL,NULL,NULL,NULL,NULL,NULL,NULL,NULL,NULL,NULL,NULL,NULL,NULL,NULL,NULL,NULL,NULL,NULL,NULL,NULL,NULL,NULL,NULL,NULL,NULL,NULL,NULL,NULL,NULL,NULL,NULL,NULL),('  `description_ru` text COLLATE utf8mb4_unicode_ci',NULL,NULL,NULL,NULL,NULL,NULL,NULL,NULL,NULL,NULL,NULL,NULL,NULL,NULL,NULL,NULL,NULL,NULL,NULL,NULL,NULL,NULL,NULL,NULL,NULL,NULL,NULL,NULL,NULL,NULL,NULL,NULL,NULL,NULL,NULL,NULL,NULL,NULL,NULL,NULL,NULL,NULL,NULL,NULL,NULL,NULL,NULL,NULL,NULL,NULL,NULL,NULL,NULL,NULL,NULL,NULL,NULL,NULL,NULL,NULL,NULL,NULL,NULL,NULL,NULL,NULL,NULL,NULL,NULL,NULL,NULL,NULL,NULL,NULL,NULL),('  `thumbnail` varchar(255) COLLATE utf8mb4_unicode_ci NOT NULL',NULL,NULL,NULL,NULL,NULL,NULL,NULL,NULL,NULL,NULL,NULL,NULL,NULL,NULL,NULL,NULL,NULL,NULL,NULL,NULL,NULL,NULL,NULL,NULL,NULL,NULL,NULL,NULL,NULL,NULL,NULL,NULL,NULL,NULL,NULL,NULL,NULL,NULL,NULL,NULL,NULL,NULL,NULL,NULL,NULL,NULL,NULL,NULL,NULL,NULL,NULL,NULL,NULL,NULL,NULL,NULL,NULL,NULL,NULL,NULL,NULL,NULL,NULL,NULL,NULL,NULL,NULL,NULL,NULL,NULL,NULL,NULL,NULL,NULL,NULL),('  `is_show_on_homepage` tinyint(1) NOT NULL DEFAULT \'0\'',NULL,NULL,NULL,NULL,NULL,NULL,NULL,NULL,NULL,NULL,NULL,NULL,NULL,NULL,NULL,NULL,NULL,NULL,NULL,NULL,NULL,NULL,NULL,NULL,NULL,NULL,NULL,NULL,NULL,NULL,NULL,NULL,NULL,NULL,NULL,NULL,NULL,NULL,NULL,NULL,NULL,NULL,NULL,NULL,NULL,NULL,NULL,NULL,NULL,NULL,NULL,NULL,NULL,NULL,NULL,NULL,NULL,NULL,NULL,NULL,NULL,NULL,NULL,NULL,NULL,NULL,NULL,NULL,NULL,NULL,NULL,NULL,NULL,NULL,NULL),('  `created_at` timestamp NULL DEFAULT NULL',NULL,NULL,NULL,NULL,NULL,NULL,NULL,NULL,NULL,NULL,NULL,NULL,NULL,NULL,NULL,NULL,NULL,NULL,NULL,NULL,NULL,NULL,NULL,NULL,NULL,NULL,NULL,NULL,NULL,NULL,NULL,NULL,NULL,NULL,NULL,NULL,NULL,NULL,NULL,NULL,NULL,NULL,NULL,NULL,NULL,NULL,NULL,NULL,NULL,NULL,NULL,NULL,NULL,NULL,NULL,NULL,NULL,NULL,NULL,NULL,NULL,NULL,NULL,NULL,NULL,NULL,NULL,NULL,NULL,NULL,NULL,NULL,NULL,NULL,NULL),('  `updated_at` timestamp NULL DEFAULT NULL',NULL,NULL,NULL,NULL,NULL,NULL,NULL,NULL,NULL,NULL,NULL,NULL,NULL,NULL,NULL,NULL,NULL,NULL,NULL,NULL,NULL,NULL,NULL,NULL,NULL,NULL,NULL,NULL,NULL,NULL,NULL,NULL,NULL,NULL,NULL,NULL,NULL,NULL,NULL,NULL,NULL,NULL,NULL,NULL,NULL,NULL,NULL,NULL,NULL,NULL,NULL,NULL,NULL,NULL,NULL,NULL,NULL,NULL,NULL,NULL,NULL,NULL,NULL,NULL,NULL,NULL,NULL,NULL,NULL,NULL,NULL,NULL,NULL,NULL,NULL),('  `id` bigint unsigned NOT NULL AUTO_INCREMENT',NULL,NULL,NULL,NULL,NULL,NULL,NULL,NULL,NULL,NULL,NULL,NULL,NULL,NULL,NULL,NULL,NULL,NULL,NULL,NULL,NULL,NULL,NULL,NULL,NULL,NULL,NULL,NULL,NULL,NULL,NULL,NULL,NULL,NULL,NULL,NULL,NULL,NULL,NULL,NULL,NULL,NULL,NULL,NULL,NULL,NULL,NULL,NULL,NULL,NULL,NULL,NULL,NULL,NULL,NULL,NULL,NULL,NULL,NULL,NULL,NULL,NULL,NULL,NULL,NULL,NULL,NULL,NULL,NULL,NULL,NULL,NULL,NULL,NULL,NULL),('  `product_id` bigint unsigned NOT NULL',NULL,NULL,NULL,NULL,NULL,NULL,NULL,NULL,NULL,NULL,NULL,NULL,NULL,NULL,NULL,NULL,NULL,NULL,NULL,NULL,NULL,NULL,NULL,NULL,NULL,NULL,NULL,NULL,NULL,NULL,NULL,NULL,NULL,NULL,NULL,NULL,NULL,NULL,NULL,NULL,NULL,NULL,NULL,NULL,NULL,NULL,NULL,NULL,NULL,NULL,NULL,NULL,NULL,NULL,NULL,NULL,NULL,NULL,NULL,NULL,NULL,NULL,NULL,NULL,NULL,NULL,NULL,NULL,NULL,NULL,NULL,NULL,NULL,NULL,NULL),('  `content` text COLLATE utf8mb4_unicode_ci NOT NULL',NULL,NULL,NULL,NULL,NULL,NULL,NULL,NULL,NULL,NULL,NULL,NULL,NULL,NULL,NULL,NULL,NULL,NULL,NULL,NULL,NULL,NULL,NULL,NULL,NULL,NULL,NULL,NULL,NULL,NULL,NULL,NULL,NULL,NULL,NULL,NULL,NULL,NULL,NULL,NULL,NULL,NULL,NULL,NULL,NULL,NULL,NULL,NULL,NULL,NULL,NULL,NULL,NULL,NULL,NULL,NULL,NULL,NULL,NULL,NULL,NULL,NULL,NULL,NULL,NULL,NULL,NULL,NULL,NULL,NULL,NULL,NULL,NULL,NULL,NULL),('  `user_name` varchar(255) COLLATE utf8mb4_unicode_ci NOT NULL',NULL,NULL,NULL,NULL,NULL,NULL,NULL,NULL,NULL,NULL,NULL,NULL,NULL,NULL,NULL,NULL,NULL,NULL,NULL,NULL,NULL,NULL,NULL,NULL,NULL,NULL,NULL,NULL,NULL,NULL,NULL,NULL,NULL,NULL,NULL,NULL,NULL,NULL,NULL,NULL,NULL,NULL,NULL,NULL,NULL,NULL,NULL,NULL,NULL,NULL,NULL,NULL,NULL,NULL,NULL,NULL,NULL,NULL,NULL,NULL,NULL,NULL,NULL,NULL,NULL,NULL,NULL,NULL,NULL,NULL,NULL,NULL,NULL,NULL,NULL),('  `created_at` timestamp NULL DEFAULT NULL',NULL,NULL,NULL,NULL,NULL,NULL,NULL,NULL,NULL,NULL,NULL,NULL,NULL,NULL,NULL,NULL,NULL,NULL,NULL,NULL,NULL,NULL,NULL,NULL,NULL,NULL,NULL,NULL,NULL,NULL,NULL,NULL,NULL,NULL,NULL,NULL,NULL,NULL,NULL,NULL,NULL,NULL,NULL,NULL,NULL,NULL,NULL,NULL,NULL,NULL,NULL,NULL,NULL,NULL,NULL,NULL,NULL,NULL,NULL,NULL,NULL,NULL,NULL,NULL,NULL,NULL,NULL,NULL,NULL,NULL,NULL,NULL,NULL,NULL,NULL),('  `updated_at` timestamp NULL DEFAULT NULL',NULL,NULL,NULL,NULL,NULL,NULL,NULL,NULL,NULL,NULL,NULL,NULL,NULL,NULL,NULL,NULL,NULL,NULL,NULL,NULL,NULL,NULL,NULL,NULL,NULL,NULL,NULL,NULL,NULL,NULL,NULL,NULL,NULL,NULL,NULL,NULL,NULL,NULL,NULL,NULL,NULL,NULL,NULL,NULL,NULL,NULL,NULL,NULL,NULL,NULL,NULL,NULL,NULL,NULL,NULL,NULL,NULL,NULL,NULL,NULL,NULL,NULL,NULL,NULL,NULL,NULL,NULL,NULL,NULL,NULL,NULL,NULL,NULL,NULL,NULL),('  PRIMARY KEY (`id`)',NULL,NULL,NULL,NULL,NULL,NULL,NULL,NULL,NULL,NULL,NULL,NULL,NULL,NULL,NULL,NULL,NULL,NULL,NULL,NULL,NULL,NULL,NULL,NULL,NULL,NULL,NULL,NULL,NULL,NULL,NULL,NULL,NULL,NULL,NULL,NULL,NULL,NULL,NULL,NULL,NULL,NULL,NULL,NULL,NULL,NULL,NULL,NULL,NULL,NULL,NULL,NULL,NULL,NULL,NULL,NULL,NULL,NULL,NULL,NULL,NULL,NULL,NULL,NULL,NULL,NULL,NULL,NULL,NULL,NULL,NULL,NULL,NULL,NULL,NULL),('  KEY `comments_product_id_foreign` (`product_id`)',NULL,NULL,NULL,NULL,NULL,NULL,NULL,NULL,NULL,NULL,NULL,NULL,NULL,NULL,NULL,NULL,NULL,NULL,NULL,NULL,NULL,NULL,NULL,NULL,NULL,NULL,NULL,NULL,NULL,NULL,NULL,NULL,NULL,NULL,NULL,NULL,NULL,NULL,NULL,NULL,NULL,NULL,NULL,NULL,NULL,NULL,NULL,NULL,NULL,NULL,NULL,NULL,NULL,NULL,NULL,NULL,NULL,NULL,NULL,NULL,NULL,NULL,NULL,NULL,NULL,NULL,NULL,NULL,NULL,NULL,NULL,NULL,NULL,NULL,NULL),('  `id` bigint unsigned NOT NULL AUTO_INCREMENT',NULL,NULL,NULL,NULL,NULL,NULL,NULL,NULL,NULL,NULL,NULL,NULL,NULL,NULL,NULL,NULL,NULL,NULL,NULL,NULL,NULL,NULL,NULL,NULL,NULL,NULL,NULL,NULL,NULL,NULL,NULL,NULL,NULL,NULL,NULL,NULL,NULL,NULL,NULL,NULL,NULL,NULL,NULL,NULL,NULL,NULL,NULL,NULL,NULL,NULL,NULL,NULL,NULL,NULL,NULL,NULL,NULL,NULL,NULL,NULL,NULL,NULL,NULL,NULL,NULL,NULL,NULL,NULL,NULL,NULL,NULL,NULL,NULL,NULL,NULL),('  `uuid` varchar(255) COLLATE utf8mb4_unicode_ci NOT NULL',NULL,NULL,NULL,NULL,NULL,NULL,NULL,NULL,NULL,NULL,NULL,NULL,NULL,NULL,NULL,NULL,NULL,NULL,NULL,NULL,NULL,NULL,NULL,NULL,NULL,NULL,NULL,NULL,NULL,NULL,NULL,NULL,NULL,NULL,NULL,NULL,NULL,NULL,NULL,NULL,NULL,NULL,NULL,NULL,NULL,NULL,NULL,NULL,NULL,NULL,NULL,NULL,NULL,NULL,NULL,NULL,NULL,NULL,NULL,NULL,NULL,NULL,NULL,NULL,NULL,NULL,NULL,NULL,NULL,NULL,NULL,NULL,NULL,NULL,NULL),('  `connection` text COLLATE utf8mb4_unicode_ci NOT NULL',NULL,NULL,NULL,NULL,NULL,NULL,NULL,NULL,NULL,NULL,NULL,NULL,NULL,NULL,NULL,NULL,NULL,NULL,NULL,NULL,NULL,NULL,NULL,NULL,NULL,NULL,NULL,NULL,NULL,NULL,NULL,NULL,NULL,NULL,NULL,NULL,NULL,NULL,NULL,NULL,NULL,NULL,NULL,NULL,NULL,NULL,NULL,NULL,NULL,NULL,NULL,NULL,NULL,NULL,NULL,NULL,NULL,NULL,NULL,NULL,NULL,NULL,NULL,NULL,NULL,NULL,NULL,NULL,NULL,NULL,NULL,NULL,NULL,NULL,NULL),('  `queue` text COLLATE utf8mb4_unicode_ci NOT NULL',NULL,NULL,NULL,NULL,NULL,NULL,NULL,NULL,NULL,NULL,NULL,NULL,NULL,NULL,NULL,NULL,NULL,NULL,NULL,NULL,NULL,NULL,NULL,NULL,NULL,NULL,NULL,NULL,NULL,NULL,NULL,NULL,NULL,NULL,NULL,NULL,NULL,NULL,NULL,NULL,NULL,NULL,NULL,NULL,NULL,NULL,NULL,NULL,NULL,NULL,NULL,NULL,NULL,NULL,NULL,NULL,NULL,NULL,NULL,NULL,NULL,NULL,NULL,NULL,NULL,NULL,NULL,NULL,NULL,NULL,NULL,NULL,NULL,NULL,NULL),('  `payload` longtext COLLATE utf8mb4_unicode_ci NOT NULL',NULL,NULL,NULL,NULL,NULL,NULL,NULL,NULL,NULL,NULL,NULL,NULL,NULL,NULL,NULL,NULL,NULL,NULL,NULL,NULL,NULL,NULL,NULL,NULL,NULL,NULL,NULL,NULL,NULL,NULL,NULL,NULL,NULL,NULL,NULL,NULL,NULL,NULL,NULL,NULL,NULL,NULL,NULL,NULL,NULL,NULL,NULL,NULL,NULL,NULL,NULL,NULL,NULL,NULL,NULL,NULL,NULL,NULL,NULL,NULL,NULL,NULL,NULL,NULL,NULL,NULL,NULL,NULL,NULL,NULL,NULL,NULL,NULL,NULL,NULL),('  `exception` longtext COLLATE utf8mb4_unicode_ci NOT NULL',NULL,NULL,NULL,NULL,NULL,NULL,NULL,NULL,NULL,NULL,NULL,NULL,NULL,NULL,NULL,NULL,NULL,NULL,NULL,NULL,NULL,NULL,NULL,NULL,NULL,NULL,NULL,NULL,NULL,NULL,NULL,NULL,NULL,NULL,NULL,NULL,NULL,NULL,NULL,NULL,NULL,NULL,NULL,NULL,NULL,NULL,NULL,NULL,NULL,NULL,NULL,NULL,NULL,NULL,NULL,NULL,NULL,NULL,NULL,NULL,NULL,NULL,NULL,NULL,NULL,NULL,NULL,NULL,NULL,NULL,NULL,NULL,NULL,NULL,NULL),('  `failed_at` timestamp NOT NULL DEFAULT CURRENT_TIMESTAMP',NULL,NULL,NULL,NULL,NULL,NULL,NULL,NULL,NULL,NULL,NULL,NULL,NULL,NULL,NULL,NULL,NULL,NULL,NULL,NULL,NULL,NULL,NULL,NULL,NULL,NULL,NULL,NULL,NULL,NULL,NULL,NULL,NULL,NULL,NULL,NULL,NULL,NULL,NULL,NULL,NULL,NULL,NULL,NULL,NULL,NULL,NULL,NULL,NULL,NULL,NULL,NULL,NULL,NULL,NULL,NULL,NULL,NULL,NULL,NULL,NULL,NULL,NULL,NULL,NULL,NULL,NULL,NULL,NULL,NULL,NULL,NULL,NULL,NULL,NULL),('  PRIMARY KEY (`id`)',NULL,NULL,NULL,NULL,NULL,NULL,NULL,NULL,NULL,NULL,NULL,NULL,NULL,NULL,NULL,NULL,NULL,NULL,NULL,NULL,NULL,NULL,NULL,NULL,NULL,NULL,NULL,NULL,NULL,NULL,NULL,NULL,NULL,NULL,NULL,NULL,NULL,NULL,NULL,NULL,NULL,NULL,NULL,NULL,NULL,NULL,NULL,NULL,NULL,NULL,NULL,NULL,NULL,NULL,NULL,NULL,NULL,NULL,NULL,NULL,NULL,NULL,NULL,NULL,NULL,NULL,NULL,NULL,NULL,NULL,NULL,NULL,NULL,NULL,NULL),('  `id` bigint unsigned NOT NULL AUTO_INCREMENT',NULL,NULL,NULL,NULL,NULL,NULL,NULL,NULL,NULL,NULL,NULL,NULL,NULL,NULL,NULL,NULL,NULL,NULL,NULL,NULL,NULL,NULL,NULL,NULL,NULL,NULL,NULL,NULL,NULL,NULL,NULL,NULL,NULL,NULL,NULL,NULL,NULL,NULL,NULL,NULL,NULL,NULL,NULL,NULL,NULL,NULL,NULL,NULL,NULL,NULL,NULL,NULL,NULL,NULL,NULL,NULL,NULL,NULL,NULL,NULL,NULL,NULL,NULL,NULL,NULL,NULL,NULL,NULL,NULL,NULL,NULL,NULL,NULL,NULL,NULL),('  `product_id` bigint unsigned DEFAULT NULL',NULL,NULL,NULL,NULL,NULL,NULL,NULL,NULL,NULL,NULL,NULL,NULL,NULL,NULL,NULL,NULL,NULL,NULL,NULL,NULL,NULL,NULL,NULL,NULL,NULL,NULL,NULL,NULL,NULL,NULL,NULL,NULL,NULL,NULL,NULL,NULL,NULL,NULL,NULL,NULL,NULL,NULL,NULL,NULL,NULL,NULL,NULL,NULL,NULL,NULL,NULL,NULL,NULL,NULL,NULL,NULL,NULL,NULL,NULL,NULL,NULL,NULL,NULL,NULL,NULL,NULL,NULL,NULL,NULL,NULL,NULL,NULL,NULL,NULL,NULL),('  `flower_id` bigint unsigned DEFAULT NULL',NULL,NULL,NULL,NULL,NULL,NULL,NULL,NULL,NULL,NULL,NULL,NULL,NULL,NULL,NULL,NULL,NULL,NULL,NULL,NULL,NULL,NULL,NULL,NULL,NULL,NULL,NULL,NULL,NULL,NULL,NULL,NULL,NULL,NULL,NULL,NULL,NULL,NULL,NULL,NULL,NULL,NULL,NULL,NULL,NULL,NULL,NULL,NULL,NULL,NULL,NULL,NULL,NULL,NULL,NULL,NULL,NULL,NULL,NULL,NULL,NULL,NULL,NULL,NULL,NULL,NULL,NULL,NULL,NULL,NULL,NULL,NULL,NULL,NULL,NULL),('  `created_at` timestamp NULL DEFAULT NULL',NULL,NULL,NULL,NULL,NULL,NULL,NULL,NULL,NULL,NULL,NULL,NULL,NULL,NULL,NULL,NULL,NULL,NULL,NULL,NULL,NULL,NULL,NULL,NULL,NULL,NULL,NULL,NULL,NULL,NULL,NULL,NULL,NULL,NULL,NULL,NULL,NULL,NULL,NULL,NULL,NULL,NULL,NULL,NULL,NULL,NULL,NULL,NULL,NULL,NULL,NULL,NULL,NULL,NULL,NULL,NULL,NULL,NULL,NULL,NULL,NULL,NULL,NULL,NULL,NULL,NULL,NULL,NULL,NULL,NULL,NULL,NULL,NULL,NULL,NULL),('  `updated_at` timestamp NULL DEFAULT NULL',NULL,NULL,NULL,NULL,NULL,NULL,NULL,NULL,NULL,NULL,NULL,NULL,NULL,NULL,NULL,NULL,NULL,NULL,NULL,NULL,NULL,NULL,NULL,NULL,NULL,NULL,NULL,NULL,NULL,NULL,NULL,NULL,NULL,NULL,NULL,NULL,NULL,NULL,NULL,NULL,NULL,NULL,NULL,NULL,NULL,NULL,NULL,NULL,NULL,NULL,NULL,NULL,NULL,NULL,NULL,NULL,NULL,NULL,NULL,NULL,NULL,NULL,NULL,NULL,NULL,NULL,NULL,NULL,NULL,NULL,NULL,NULL,NULL,NULL,NULL),('  PRIMARY KEY (`id`)',NULL,NULL,NULL,NULL,NULL,NULL,NULL,NULL,NULL,NULL,NULL,NULL,NULL,NULL,NULL,NULL,NULL,NULL,NULL,NULL,NULL,NULL,NULL,NULL,NULL,NULL,NULL,NULL,NULL,NULL,NULL,NULL,NULL,NULL,NULL,NULL,NULL,NULL,NULL,NULL,NULL,NULL,NULL,NULL,NULL,NULL,NULL,NULL,NULL,NULL,NULL,NULL,NULL,NULL,NULL,NULL,NULL,NULL,NULL,NULL,NULL,NULL,NULL,NULL,NULL,NULL,NULL,NULL,NULL,NULL,NULL,NULL,NULL,NULL,NULL),('  KEY `flower_product_product_id_foreign` (`product_id`)',NULL,NULL,NULL,NULL,NULL,NULL,NULL,NULL,NULL,NULL,NULL,NULL,NULL,NULL,NULL,NULL,NULL,NULL,NULL,NULL,NULL,NULL,NULL,NULL,NULL,NULL,NULL,NULL,NULL,NULL,NULL,NULL,NULL,NULL,NULL,NULL,NULL,NULL,NULL,NULL,NULL,NULL,NULL,NULL,NULL,NULL,NULL,NULL,NULL,NULL,NULL,NULL,NULL,NULL,NULL,NULL,NULL,NULL,NULL,NULL,NULL,NULL,NULL,NULL,NULL,NULL,NULL,NULL,NULL,NULL,NULL,NULL,NULL,NULL,NULL),('  KEY `flower_product_flower_id_foreign` (`flower_id`)',NULL,NULL,NULL,NULL,NULL,NULL,NULL,NULL,NULL,NULL,NULL,NULL,NULL,NULL,NULL,NULL,NULL,NULL,NULL,NULL,NULL,NULL,NULL,NULL,NULL,NULL,NULL,NULL,NULL,NULL,NULL,NULL,NULL,NULL,NULL,NULL,NULL,NULL,NULL,NULL,NULL,NULL,NULL,NULL,NULL,NULL,NULL,NULL,NULL,NULL,NULL,NULL,NULL,NULL,NULL,NULL,NULL,NULL,NULL,NULL,NULL,NULL,NULL,NULL,NULL,NULL,NULL,NULL,NULL,NULL,NULL,NULL,NULL,NULL,NULL),('  CONSTRAINT `flower_product_flower_id_foreign` FOREIGN KEY (`flower_id`) REFERENCES `flowers` (`id`) ON DELETE SET NULL',NULL,NULL,NULL,NULL,NULL,NULL,NULL,NULL,NULL,NULL,NULL,NULL,NULL,NULL,NULL,NULL,NULL,NULL,NULL,NULL,NULL,NULL,NULL,NULL,NULL,NULL,NULL,NULL,NULL,NULL,NULL,NULL,NULL,NULL,NULL,NULL,NULL,NULL,NULL,NULL,NULL,NULL,NULL,NULL,NULL,NULL,NULL,NULL,NULL,NULL,NULL,NULL,NULL,NULL,NULL,NULL,NULL,NULL,NULL,NULL,NULL,NULL,NULL,NULL,NULL,NULL,NULL,NULL,NULL,NULL,NULL,NULL,NULL,NULL,NULL),('  `id` bigint unsigned NOT NULL AUTO_INCREMENT',NULL,NULL,NULL,NULL,NULL,NULL,NULL,NULL,NULL,NULL,NULL,NULL,NULL,NULL,NULL,NULL,NULL,NULL,NULL,NULL,NULL,NULL,NULL,NULL,NULL,NULL,NULL,NULL,NULL,NULL,NULL,NULL,NULL,NULL,NULL,NULL,NULL,NULL,NULL,NULL,NULL,NULL,NULL,NULL,NULL,NULL,NULL,NULL,NULL,NULL,NULL,NULL,NULL,NULL,NULL,NULL,NULL,NULL,NULL,NULL,NULL,NULL,NULL,NULL,NULL,NULL,NULL,NULL,NULL,NULL,NULL,NULL,NULL,NULL,NULL),('  `name_uk` varchar(255) COLLATE utf8mb4_unicode_ci NOT NULL',NULL,NULL,NULL,NULL,NULL,NULL,NULL,NULL,NULL,NULL,NULL,NULL,NULL,NULL,NULL,NULL,NULL,NULL,NULL,NULL,NULL,NULL,NULL,NULL,NULL,NULL,NULL,NULL,NULL,NULL,NULL,NULL,NULL,NULL,NULL,NULL,NULL,NULL,NULL,NULL,NULL,NULL,NULL,NULL,NULL,NULL,NULL,NULL,NULL,NULL,NULL,NULL,NULL,NULL,NULL,NULL,NULL,NULL,NULL,NULL,NULL,NULL,NULL,NULL,NULL,NULL,NULL,NULL,NULL,NULL,NULL,NULL,NULL,NULL,NULL),('  `name_ru` varchar(255) COLLATE utf8mb4_unicode_ci NOT NULL',NULL,NULL,NULL,NULL,NULL,NULL,NULL,NULL,NULL,NULL,NULL,NULL,NULL,NULL,NULL,NULL,NULL,NULL,NULL,NULL,NULL,NULL,NULL,NULL,NULL,NULL,NULL,NULL,NULL,NULL,NULL,NULL,NULL,NULL,NULL,NULL,NULL,NULL,NULL,NULL,NULL,NULL,NULL,NULL,NULL,NULL,NULL,NULL,NULL,NULL,NULL,NULL,NULL,NULL,NULL,NULL,NULL,NULL,NULL,NULL,NULL,NULL,NULL,NULL,NULL,NULL,NULL,NULL,NULL,NULL,NULL,NULL,NULL,NULL,NULL),('  `created_at` timestamp NULL DEFAULT NULL',NULL,NULL,NULL,NULL,NULL,NULL,NULL,NULL,NULL,NULL,NULL,NULL,NULL,NULL,NULL,NULL,NULL,NULL,NULL,NULL,NULL,NULL,NULL,NULL,NULL,NULL,NULL,NULL,NULL,NULL,NULL,NULL,NULL,NULL,NULL,NULL,NULL,NULL,NULL,NULL,NULL,NULL,NULL,NULL,NULL,NULL,NULL,NULL,NULL,NULL,NULL,NULL,NULL,NULL,NULL,NULL,NULL,NULL,NULL,NULL,NULL,NULL,NULL,NULL,NULL,NULL,NULL,NULL,NULL,NULL,NULL,NULL,NULL,NULL,NULL),('  `updated_at` timestamp NULL DEFAULT NULL',NULL,NULL,NULL,NULL,NULL,NULL,NULL,NULL,NULL,NULL,NULL,NULL,NULL,NULL,NULL,NULL,NULL,NULL,NULL,NULL,NULL,NULL,NULL,NULL,NULL,NULL,NULL,NULL,NULL,NULL,NULL,NULL,NULL,NULL,NULL,NULL,NULL,NULL,NULL,NULL,NULL,NULL,NULL,NULL,NULL,NULL,NULL,NULL,NULL,NULL,NULL,NULL,NULL,NULL,NULL,NULL,NULL,NULL,NULL,NULL,NULL,NULL,NULL,NULL,NULL,NULL,NULL,NULL,NULL,NULL,NULL,NULL,NULL,NULL,NULL),('  `id` int unsigned NOT NULL AUTO_INCREMENT',NULL,NULL,NULL,NULL,NULL,NULL,NULL,NULL,NULL,NULL,NULL,NULL,NULL,NULL,NULL,NULL,NULL,NULL,NULL,NULL,NULL,NULL,NULL,NULL,NULL,NULL,NULL,NULL,NULL,NULL,NULL,NULL,NULL,NULL,NULL,NULL,NULL,NULL,NULL,NULL,NULL,NULL,NULL,NULL,NULL,NULL,NULL,NULL,NULL,NULL,NULL,NULL,NULL,NULL,NULL,NULL,NULL,NULL,NULL,NULL,NULL,NULL,NULL,NULL,NULL,NULL,NULL,NULL,NULL,NULL,NULL,NULL,NULL,NULL,NULL),('  `migration` varchar(255) COLLATE utf8mb4_unicode_ci NOT NULL',NULL,NULL,NULL,NULL,NULL,NULL,NULL,NULL,NULL,NULL,NULL,NULL,NULL,NULL,NULL,NULL,NULL,NULL,NULL,NULL,NULL,NULL,NULL,NULL,NULL,NULL,NULL,NULL,NULL,NULL,NULL,NULL,NULL,NULL,NULL,NULL,NULL,NULL,NULL,NULL,NULL,NULL,NULL,NULL,NULL,NULL,NULL,NULL,NULL,NULL,NULL,NULL,NULL,NULL,NULL,NULL,NULL,NULL,NULL,NULL,NULL,NULL,NULL,NULL,NULL,NULL,NULL,NULL,NULL,NULL,NULL,NULL,NULL,NULL,NULL),('  `batch` int NOT NULL',NULL,NULL,NULL,NULL,NULL,NULL,NULL,NULL,NULL,NULL,NULL,NULL,NULL,NULL,NULL,NULL,NULL,NULL,NULL,NULL,NULL,NULL,NULL,NULL,NULL,NULL,NULL,NULL,NULL,NULL,NULL,NULL,NULL,NULL,NULL,NULL,NULL,NULL,NULL,NULL,NULL,NULL,NULL,NULL,NULL,NULL,NULL,NULL,NULL,NULL,NULL,NULL,NULL,NULL,NULL,NULL,NULL,NULL,NULL,NULL,NULL,NULL,NULL,NULL,NULL,NULL,NULL,NULL,NULL,NULL,NULL,NULL,NULL,NULL,NULL),('  `id` bigint unsigned NOT NULL AUTO_INCREMENT',NULL,NULL,NULL,NULL,NULL,NULL,NULL,NULL,NULL,NULL,NULL,NULL,NULL,NULL,NULL,NULL,NULL,NULL,NULL,NULL,NULL,NULL,NULL,NULL,NULL,NULL,NULL,NULL,NULL,NULL,NULL,NULL,NULL,NULL,NULL,NULL,NULL,NULL,NULL,NULL,NULL,NULL,NULL,NULL,NULL,NULL,NULL,NULL,NULL,NULL,NULL,NULL,NULL,NULL,NULL,NULL,NULL,NULL,NULL,NULL,NULL,NULL,NULL,NULL,NULL,NULL,NULL,NULL,NULL,NULL,NULL,NULL,NULL,NULL,NULL),('  `order_id` bigint unsigned NOT NULL',NULL,NULL,NULL,NULL,NULL,NULL,NULL,NULL,NULL,NULL,NULL,NULL,NULL,NULL,NULL,NULL,NULL,NULL,NULL,NULL,NULL,NULL,NULL,NULL,NULL,NULL,NULL,NULL,NULL,NULL,NULL,NULL,NULL,NULL,NULL,NULL,NULL,NULL,NULL,NULL,NULL,NULL,NULL,NULL,NULL,NULL,NULL,NULL,NULL,NULL,NULL,NULL,NULL,NULL,NULL,NULL,NULL,NULL,NULL,NULL,NULL,NULL,NULL,NULL,NULL,NULL,NULL,NULL,NULL,NULL,NULL,NULL,NULL,NULL,NULL),('  `product_id` bigint unsigned NOT NULL',NULL,NULL,NULL,NULL,NULL,NULL,NULL,NULL,NULL,NULL,NULL,NULL,NULL,NULL,NULL,NULL,NULL,NULL,NULL,NULL,NULL,NULL,NULL,NULL,NULL,NULL,NULL,NULL,NULL,NULL,NULL,NULL,NULL,NULL,NULL,NULL,NULL,NULL,NULL,NULL,NULL,NULL,NULL,NULL,NULL,NULL,NULL,NULL,NULL,NULL,NULL,NULL,NULL,NULL,NULL,NULL,NULL,NULL,NULL,NULL,NULL,NULL,NULL,NULL,NULL,NULL,NULL,NULL,NULL,NULL,NULL,NULL,NULL,NULL,NULL),('  `product_name` varchar(255) COLLATE utf8mb4_unicode_ci NOT NULL',NULL,NULL,NULL,NULL,NULL,NULL,NULL,NULL,NULL,NULL,NULL,NULL,NULL,NULL,NULL,NULL,NULL,NULL,NULL,NULL,NULL,NULL,NULL,NULL,NULL,NULL,NULL,NULL,NULL,NULL,NULL,NULL,NULL,NULL,NULL,NULL,NULL,NULL,NULL,NULL,NULL,NULL,NULL,NULL,NULL,NULL,NULL,NULL,NULL,NULL,NULL,NULL,NULL,NULL,NULL,NULL,NULL,NULL,NULL,NULL,NULL,NULL,NULL,NULL,NULL,NULL,NULL,NULL,NULL,NULL,NULL,NULL,NULL,NULL,NULL),('  `quantity` int NOT NULL',NULL,NULL,NULL,NULL,NULL,NULL,NULL,NULL,NULL,NULL,NULL,NULL,NULL,NULL,NULL,NULL,NULL,NULL,NULL,NULL,NULL,NULL,NULL,NULL,NULL,NULL,NULL,NULL,NULL,NULL,NULL,NULL,NULL,NULL,NULL,NULL,NULL,NULL,NULL,NULL,NULL,NULL,NULL,NULL,NULL,NULL,NULL,NULL,NULL,NULL,NULL,NULL,NULL,NULL,NULL,NULL,NULL,NULL,NULL,NULL,NULL,NULL,NULL,NULL,NULL,NULL,NULL,NULL,NULL,NULL,NULL,NULL,NULL,NULL,NULL),('  `created_at` timestamp NULL DEFAULT NULL',NULL,NULL,NULL,NULL,NULL,NULL,NULL,NULL,NULL,NULL,NULL,NULL,NULL,NULL,NULL,NULL,NULL,NULL,NULL,NULL,NULL,NULL,NULL,NULL,NULL,NULL,NULL,NULL,NULL,NULL,NULL,NULL,NULL,NULL,NULL,NULL,NULL,NULL,NULL,NULL,NULL,NULL,NULL,NULL,NULL,NULL,NULL,NULL,NULL,NULL,NULL,NULL,NULL,NULL,NULL,NULL,NULL,NULL,NULL,NULL,NULL,NULL,NULL,NULL,NULL,NULL,NULL,NULL,NULL,NULL,NULL,NULL,NULL,NULL,NULL),('  `updated_at` timestamp NULL DEFAULT NULL',NULL,NULL,NULL,NULL,NULL,NULL,NULL,NULL,NULL,NULL,NULL,NULL,NULL,NULL,NULL,NULL,NULL,NULL,NULL,NULL,NULL,NULL,NULL,NULL,NULL,NULL,NULL,NULL,NULL,NULL,NULL,NULL,NULL,NULL,NULL,NULL,NULL,NULL,NULL,NULL,NULL,NULL,NULL,NULL,NULL,NULL,NULL,NULL,NULL,NULL,NULL,NULL,NULL,NULL,NULL,NULL,NULL,NULL,NULL,NULL,NULL,NULL,NULL,NULL,NULL,NULL,NULL,NULL,NULL,NULL,NULL,NULL,NULL,NULL,NULL),('  PRIMARY KEY (`id`)',NULL,NULL,NULL,NULL,NULL,NULL,NULL,NULL,NULL,NULL,NULL,NULL,NULL,NULL,NULL,NULL,NULL,NULL,NULL,NULL,NULL,NULL,NULL,NULL,NULL,NULL,NULL,NULL,NULL,NULL,NULL,NULL,NULL,NULL,NULL,NULL,NULL,NULL,NULL,NULL,NULL,NULL,NULL,NULL,NULL,NULL,NULL,NULL,NULL,NULL,NULL,NULL,NULL,NULL,NULL,NULL,NULL,NULL,NULL,NULL,NULL,NULL,NULL,NULL,NULL,NULL,NULL,NULL,NULL,NULL,NULL,NULL,NULL,NULL,NULL),('  KEY `order_products_order_id_foreign` (`order_id`)',NULL,NULL,NULL,NULL,NULL,NULL,NULL,NULL,NULL,NULL,NULL,NULL,NULL,NULL,NULL,NULL,NULL,NULL,NULL,NULL,NULL,NULL,NULL,NULL,NULL,NULL,NULL,NULL,NULL,NULL,NULL,NULL,NULL,NULL,NULL,NULL,NULL,NULL,NULL,NULL,NULL,NULL,NULL,NULL,NULL,NULL,NULL,NULL,NULL,NULL,NULL,NULL,NULL,NULL,NULL,NULL,NULL,NULL,NULL,NULL,NULL,NULL,NULL,NULL,NULL,NULL,NULL,NULL,NULL,NULL,NULL,NULL,NULL,NULL,NULL),('  KEY `order_products_product_id_foreign` (`product_id`)',NULL,NULL,NULL,NULL,NULL,NULL,NULL,NULL,NULL,NULL,NULL,NULL,NULL,NULL,NULL,NULL,NULL,NULL,NULL,NULL,NULL,NULL,NULL,NULL,NULL,NULL,NULL,NULL,NULL,NULL,NULL,NULL,NULL,NULL,NULL,NULL,NULL,NULL,NULL,NULL,NULL,NULL,NULL,NULL,NULL,NULL,NULL,NULL,NULL,NULL,NULL,NULL,NULL,NULL,NULL,NULL,NULL,NULL,NULL,NULL,NULL,NULL,NULL,NULL,NULL,NULL,NULL,NULL,NULL,NULL,NULL,NULL,NULL,NULL,NULL),('  CONSTRAINT `order_products_order_id_foreign` FOREIGN KEY (`order_id`) REFERENCES `orders` (`id`) ON DELETE CASCADE',NULL,NULL,NULL,NULL,NULL,NULL,NULL,NULL,NULL,NULL,NULL,NULL,NULL,NULL,NULL,NULL,NULL,NULL,NULL,NULL,NULL,NULL,NULL,NULL,NULL,NULL,NULL,NULL,NULL,NULL,NULL,NULL,NULL,NULL,NULL,NULL,NULL,NULL,NULL,NULL,NULL,NULL,NULL,NULL,NULL,NULL,NULL,NULL,NULL,NULL,NULL,NULL,NULL,NULL,NULL,NULL,NULL,NULL,NULL,NULL,NULL,NULL,NULL,NULL,NULL,NULL,NULL,NULL,NULL,NULL,NULL,NULL,NULL,NULL,NULL),('  `id` bigint unsigned NOT NULL AUTO_INCREMENT',NULL,NULL,NULL,NULL,NULL,NULL,NULL,NULL,NULL,NULL,NULL,NULL,NULL,NULL,NULL,NULL,NULL,NULL,NULL,NULL,NULL,NULL,NULL,NULL,NULL,NULL,NULL,NULL,NULL,NULL,NULL,NULL,NULL,NULL,NULL,NULL,NULL,NULL,NULL,NULL,NULL,NULL,NULL,NULL,NULL,NULL,NULL,NULL,NULL,NULL,NULL,NULL,NULL,NULL,NULL,NULL,NULL,NULL,NULL,NULL,NULL,NULL,NULL,NULL,NULL,NULL,NULL,NULL,NULL,NULL,NULL,NULL,NULL,NULL,NULL),('  `user_id` bigint unsigned DEFAULT NULL',NULL,NULL,NULL,NULL,NULL,NULL,NULL,NULL,NULL,NULL,NULL,NULL,NULL,NULL,NULL,NULL,NULL,NULL,NULL,NULL,NULL,NULL,NULL,NULL,NULL,NULL,NULL,NULL,NULL,NULL,NULL,NULL,NULL,NULL,NULL,NULL,NULL,NULL,NULL,NULL,NULL,NULL,NULL,NULL,NULL,NULL,NULL,NULL,NULL,NULL,NULL,NULL,NULL,NULL,NULL,NULL,NULL,NULL,NULL,NULL,NULL,NULL,NULL,NULL,NULL,NULL,NULL,NULL,NULL,NULL,NULL,NULL,NULL,NULL,NULL),('  `email` varchar(255) COLLATE utf8mb4_unicode_ci NOT NULL',NULL,NULL,NULL,NULL,NULL,NULL,NULL,NULL,NULL,NULL,NULL,NULL,NULL,NULL,NULL,NULL,NULL,NULL,NULL,NULL,NULL,NULL,NULL,NULL,NULL,NULL,NULL,NULL,NULL,NULL,NULL,NULL,NULL,NULL,NULL,NULL,NULL,NULL,NULL,NULL,NULL,NULL,NULL,NULL,NULL,NULL,NULL,NULL,NULL,NULL,NULL,NULL,NULL,NULL,NULL,NULL,NULL,NULL,NULL,NULL,NULL,NULL,NULL,NULL,NULL,NULL,NULL,NULL,NULL,NULL,NULL,NULL,NULL,NULL,NULL),('  `anonymously` varchar(255) COLLATE utf8mb4_unicode_ci NOT NULL DEFAULT \'0\'',NULL,NULL,NULL,NULL,NULL,NULL,NULL,NULL,NULL,NULL,NULL,NULL,NULL,NULL,NULL,NULL,NULL,NULL,NULL,NULL,NULL,NULL,NULL,NULL,NULL,NULL,NULL,NULL,NULL,NULL,NULL,NULL,NULL,NULL,NULL,NULL,NULL,NULL,NULL,NULL,NULL,NULL,NULL,NULL,NULL,NULL,NULL,NULL,NULL,NULL,NULL,NULL,NULL,NULL,NULL,NULL,NULL,NULL,NULL,NULL,NULL,NULL,NULL,NULL,NULL,NULL,NULL,NULL,NULL,NULL,NULL,NULL,NULL,NULL,NULL),('  `customer_name` varchar(255) COLLATE utf8mb4_unicode_ci NOT NULL',NULL,NULL,NULL,NULL,NULL,NULL,NULL,NULL,NULL,NULL,NULL,NULL,NULL,NULL,NULL,NULL,NULL,NULL,NULL,NULL,NULL,NULL,NULL,NULL,NULL,NULL,NULL,NULL,NULL,NULL,NULL,NULL,NULL,NULL,NULL,NULL,NULL,NULL,NULL,NULL,NULL,NULL,NULL,NULL,NULL,NULL,NULL,NULL,NULL,NULL,NULL,NULL,NULL,NULL,NULL,NULL,NULL,NULL,NULL,NULL,NULL,NULL,NULL,NULL,NULL,NULL,NULL,NULL,NULL,NULL,NULL,NULL,NULL,NULL,NULL),('  `customer_phone` varchar(255) COLLATE utf8mb4_unicode_ci NOT NULL',NULL,NULL,NULL,NULL,NULL,NULL,NULL,NULL,NULL,NULL,NULL,NULL,NULL,NULL,NULL,NULL,NULL,NULL,NULL,NULL,NULL,NULL,NULL,NULL,NULL,NULL,NULL,NULL,NULL,NULL,NULL,NULL,NULL,NULL,NULL,NULL,NULL,NULL,NULL,NULL,NULL,NULL,NULL,NULL,NULL,NULL,NULL,NULL,NULL,NULL,NULL,NULL,NULL,NULL,NULL,NULL,NULL,NULL,NULL,NULL,NULL,NULL,NULL,NULL,NULL,NULL,NULL,NULL,NULL,NULL,NULL,NULL,NULL,NULL,NULL),('  `recipient_name` varchar(255) COLLATE utf8mb4_unicode_ci NOT NULL',NULL,NULL,NULL,NULL,NULL,NULL,NULL,NULL,NULL,NULL,NULL,NULL,NULL,NULL,NULL,NULL,NULL,NULL,NULL,NULL,NULL,NULL,NULL,NULL,NULL,NULL,NULL,NULL,NULL,NULL,NULL,NULL,NULL,NULL,NULL,NULL,NULL,NULL,NULL,NULL,NULL,NULL,NULL,NULL,NULL,NULL,NULL,NULL,NULL,NULL,NULL,NULL,NULL,NULL,NULL,NULL,NULL,NULL,NULL,NULL,NULL,NULL,NULL,NULL,NULL,NULL,NULL,NULL,NULL,NULL,NULL,NULL,NULL,NULL,NULL),('  `recipient_phone` varchar(255) COLLATE utf8mb4_unicode_ci NOT NULL',NULL,NULL,NULL,NULL,NULL,NULL,NULL,NULL,NULL,NULL,NULL,NULL,NULL,NULL,NULL,NULL,NULL,NULL,NULL,NULL,NULL,NULL,NULL,NULL,NULL,NULL,NULL,NULL,NULL,NULL,NULL,NULL,NULL,NULL,NULL,NULL,NULL,NULL,NULL,NULL,NULL,NULL,NULL,NULL,NULL,NULL,NULL,NULL,NULL,NULL,NULL,NULL,NULL,NULL,NULL,NULL,NULL,NULL,NULL,NULL,NULL,NULL,NULL,NULL,NULL,NULL,NULL,NULL,NULL,NULL,NULL,NULL,NULL,NULL,NULL),('  `text_postcard` varchar(255) COLLATE utf8mb4_unicode_ci DEFAULT NULL',NULL,NULL,NULL,NULL,NULL,NULL,NULL,NULL,NULL,NULL,NULL,NULL,NULL,NULL,NULL,NULL,NULL,NULL,NULL,NULL,NULL,NULL,NULL,NULL,NULL,NULL,NULL,NULL,NULL,NULL,NULL,NULL,NULL,NULL,NULL,NULL,NULL,NULL,NULL,NULL,NULL,NULL,NULL,NULL,NULL,NULL,NULL,NULL,NULL,NULL,NULL,NULL,NULL,NULL,NULL,NULL,NULL,NULL,NULL,NULL,NULL,NULL,NULL,NULL,NULL,NULL,NULL,NULL,NULL,NULL,NULL,NULL,NULL,NULL,NULL),('  `delivery_address` varchar(255) COLLATE utf8mb4_unicode_ci NOT NULL',NULL,NULL,NULL,NULL,NULL,NULL,NULL,NULL,NULL,NULL,NULL,NULL,NULL,NULL,NULL,NULL,NULL,NULL,NULL,NULL,NULL,NULL,NULL,NULL,NULL,NULL,NULL,NULL,NULL,NULL,NULL,NULL,NULL,NULL,NULL,NULL,NULL,NULL,NULL,NULL,NULL,NULL,NULL,NULL,NULL,NULL,NULL,NULL,NULL,NULL,NULL,NULL,NULL,NULL,NULL,NULL,NULL,NULL,NULL,NULL,NULL,NULL,NULL,NULL,NULL,NULL,NULL,NULL,NULL,NULL,NULL,NULL,NULL,NULL,NULL),('  `delivery_date` date NOT NULL',NULL,NULL,NULL,NULL,NULL,NULL,NULL,NULL,NULL,NULL,NULL,NULL,NULL,NULL,NULL,NULL,NULL,NULL,NULL,NULL,NULL,NULL,NULL,NULL,NULL,NULL,NULL,NULL,NULL,NULL,NULL,NULL,NULL,NULL,NULL,NULL,NULL,NULL,NULL,NULL,NULL,NULL,NULL,NULL,NULL,NULL,NULL,NULL,NULL,NULL,NULL,NULL,NULL,NULL,NULL,NULL,NULL,NULL,NULL,NULL,NULL,NULL,NULL,NULL,NULL,NULL,NULL,NULL,NULL,NULL,NULL,NULL,NULL,NULL,NULL),('  `delivery_time` varchar(255) COLLATE utf8mb4_unicode_ci DEFAULT NULL',NULL,NULL,NULL,NULL,NULL,NULL,NULL,NULL,NULL,NULL,NULL,NULL,NULL,NULL,NULL,NULL,NULL,NULL,NULL,NULL,NULL,NULL,NULL,NULL,NULL,NULL,NULL,NULL,NULL,NULL,NULL,NULL,NULL,NULL,NULL,NULL,NULL,NULL,NULL,NULL,NULL,NULL,NULL,NULL,NULL,NULL,NULL,NULL,NULL,NULL,NULL,NULL,NULL,NULL,NULL,NULL,NULL,NULL,NULL,NULL,NULL,NULL,NULL,NULL,NULL,NULL,NULL,NULL,NULL,NULL,NULL,NULL,NULL,NULL,NULL),('  `comment` varchar(255) COLLATE utf8mb4_unicode_ci DEFAULT NULL',NULL,NULL,NULL,NULL,NULL,NULL,NULL,NULL,NULL,NULL,NULL,NULL,NULL,NULL,NULL,NULL,NULL,NULL,NULL,NULL,NULL,NULL,NULL,NULL,NULL,NULL,NULL,NULL,NULL,NULL,NULL,NULL,NULL,NULL,NULL,NULL,NULL,NULL,NULL,NULL,NULL,NULL,NULL,NULL,NULL,NULL,NULL,NULL,NULL,NULL,NULL,NULL,NULL,NULL,NULL,NULL,NULL,NULL,NULL,NULL,NULL,NULL,NULL,NULL,NULL,NULL,NULL,NULL,NULL,NULL,NULL,NULL,NULL,NULL,NULL),('  `created_at` timestamp NULL DEFAULT NULL',NULL,NULL,NULL,NULL,NULL,NULL,NULL,NULL,NULL,NULL,NULL,NULL,NULL,NULL,NULL,NULL,NULL,NULL,NULL,NULL,NULL,NULL,NULL,NULL,NULL,NULL,NULL,NULL,NULL,NULL,NULL,NULL,NULL,NULL,NULL,NULL,NULL,NULL,NULL,NULL,NULL,NULL,NULL,NULL,NULL,NULL,NULL,NULL,NULL,NULL,NULL,NULL,NULL,NULL,NULL,NULL,NULL,NULL,NULL,NULL,NULL,NULL,NULL,NULL,NULL,NULL,NULL,NULL,NULL,NULL,NULL,NULL,NULL,NULL,NULL),('  `updated_at` timestamp NULL DEFAULT NULL',NULL,NULL,NULL,NULL,NULL,NULL,NULL,NULL,NULL,NULL,NULL,NULL,NULL,NULL,NULL,NULL,NULL,NULL,NULL,NULL,NULL,NULL,NULL,NULL,NULL,NULL,NULL,NULL,NULL,NULL,NULL,NULL,NULL,NULL,NULL,NULL,NULL,NULL,NULL,NULL,NULL,NULL,NULL,NULL,NULL,NULL,NULL,NULL,NULL,NULL,NULL,NULL,NULL,NULL,NULL,NULL,NULL,NULL,NULL,NULL,NULL,NULL,NULL,NULL,NULL,NULL,NULL,NULL,NULL,NULL,NULL,NULL,NULL,NULL,NULL),('  `call` varchar(255) COLLATE utf8mb4_unicode_ci NOT NULL DEFAULT \'0\'',NULL,NULL,NULL,NULL,NULL,NULL,NULL,NULL,NULL,NULL,NULL,NULL,NULL,NULL,NULL,NULL,NULL,NULL,NULL,NULL,NULL,NULL,NULL,NULL,NULL,NULL,NULL,NULL,NULL,NULL,NULL,NULL,NULL,NULL,NULL,NULL,NULL,NULL,NULL,NULL,NULL,NULL,NULL,NULL,NULL,NULL,NULL,NULL,NULL,NULL,NULL,NULL,NULL,NULL,NULL,NULL,NULL,NULL,NULL,NULL,NULL,NULL,NULL,NULL,NULL,NULL,NULL,NULL,NULL,NULL,NULL,NULL,NULL,NULL,NULL),('  `email` varchar(255) COLLATE utf8mb4_unicode_ci NOT NULL',NULL,NULL,NULL,NULL,NULL,NULL,NULL,NULL,NULL,NULL,NULL,NULL,NULL,NULL,NULL,NULL,NULL,NULL,NULL,NULL,NULL,NULL,NULL,NULL,NULL,NULL,NULL,NULL,NULL,NULL,NULL,NULL,NULL,NULL,NULL,NULL,NULL,NULL,NULL,NULL,NULL,NULL,NULL,NULL,NULL,NULL,NULL,NULL,NULL,NULL,NULL,NULL,NULL,NULL,NULL,NULL,NULL,NULL,NULL,NULL,NULL,NULL,NULL,NULL,NULL,NULL,NULL,NULL,NULL,NULL,NULL,NULL,NULL,NULL,NULL),('  `token` varchar(255) COLLATE utf8mb4_unicode_ci NOT NULL',NULL,NULL,NULL,NULL,NULL,NULL,NULL,NULL,NULL,NULL,NULL,NULL,NULL,NULL,NULL,NULL,NULL,NULL,NULL,NULL,NULL,NULL,NULL,NULL,NULL,NULL,NULL,NULL,NULL,NULL,NULL,NULL,NULL,NULL,NULL,NULL,NULL,NULL,NULL,NULL,NULL,NULL,NULL,NULL,NULL,NULL,NULL,NULL,NULL,NULL,NULL,NULL,NULL,NULL,NULL,NULL,NULL,NULL,NULL,NULL,NULL,NULL,NULL,NULL,NULL,NULL,NULL,NULL,NULL,NULL,NULL,NULL,NULL,NULL,NULL),('  `created_at` timestamp NULL DEFAULT NULL',NULL,NULL,NULL,NULL,NULL,NULL,NULL,NULL,NULL,NULL,NULL,NULL,NULL,NULL,NULL,NULL,NULL,NULL,NULL,NULL,NULL,NULL,NULL,NULL,NULL,NULL,NULL,NULL,NULL,NULL,NULL,NULL,NULL,NULL,NULL,NULL,NULL,NULL,NULL,NULL,NULL,NULL,NULL,NULL,NULL,NULL,NULL,NULL,NULL,NULL,NULL,NULL,NULL,NULL,NULL,NULL,NULL,NULL,NULL,NULL,NULL,NULL,NULL,NULL,NULL,NULL,NULL,NULL,NULL,NULL,NULL,NULL,NULL,NULL,NULL),('  `id` bigint unsigned NOT NULL AUTO_INCREMENT',NULL,NULL,NULL,NULL,NULL,NULL,NULL,NULL,NULL,NULL,NULL,NULL,NULL,NULL,NULL,NULL,NULL,NULL,NULL,NULL,NULL,NULL,NULL,NULL,NULL,NULL,NULL,NULL,NULL,NULL,NULL,NULL,NULL,NULL,NULL,NULL,NULL,NULL,NULL,NULL,NULL,NULL,NULL,NULL,NULL,NULL,NULL,NULL,NULL,NULL,NULL,NULL,NULL,NULL,NULL,NULL,NULL,NULL,NULL,NULL,NULL,NULL,NULL,NULL,NULL,NULL,NULL,NULL,NULL,NULL,NULL,NULL,NULL,NULL,NULL),('  `tokenable_type` varchar(255) COLLATE utf8mb4_unicode_ci NOT NULL',NULL,NULL,NULL,NULL,NULL,NULL,NULL,NULL,NULL,NULL,NULL,NULL,NULL,NULL,NULL,NULL,NULL,NULL,NULL,NULL,NULL,NULL,NULL,NULL,NULL,NULL,NULL,NULL,NULL,NULL,NULL,NULL,NULL,NULL,NULL,NULL,NULL,NULL,NULL,NULL,NULL,NULL,NULL,NULL,NULL,NULL,NULL,NULL,NULL,NULL,NULL,NULL,NULL,NULL,NULL,NULL,NULL,NULL,NULL,NULL,NULL,NULL,NULL,NULL,NULL,NULL,NULL,NULL,NULL,NULL,NULL,NULL,NULL,NULL,NULL),('  `tokenable_id` bigint unsigned NOT NULL',NULL,NULL,NULL,NULL,NULL,NULL,NULL,NULL,NULL,NULL,NULL,NULL,NULL,NULL,NULL,NULL,NULL,NULL,NULL,NULL,NULL,NULL,NULL,NULL,NULL,NULL,NULL,NULL,NULL,NULL,NULL,NULL,NULL,NULL,NULL,NULL,NULL,NULL,NULL,NULL,NULL,NULL,NULL,NULL,NULL,NULL,NULL,NULL,NULL,NULL,NULL,NULL,NULL,NULL,NULL,NULL,NULL,NULL,NULL,NULL,NULL,NULL,NULL,NULL,NULL,NULL,NULL,NULL,NULL,NULL,NULL,NULL,NULL,NULL,NULL),('  `name` varchar(255) COLLATE utf8mb4_unicode_ci NOT NULL',NULL,NULL,NULL,NULL,NULL,NULL,NULL,NULL,NULL,NULL,NULL,NULL,NULL,NULL,NULL,NULL,NULL,NULL,NULL,NULL,NULL,NULL,NULL,NULL,NULL,NULL,NULL,NULL,NULL,NULL,NULL,NULL,NULL,NULL,NULL,NULL,NULL,NULL,NULL,NULL,NULL,NULL,NULL,NULL,NULL,NULL,NULL,NULL,NULL,NULL,NULL,NULL,NULL,NULL,NULL,NULL,NULL,NULL,NULL,NULL,NULL,NULL,NULL,NULL,NULL,NULL,NULL,NULL,NULL,NULL,NULL,NULL,NULL,NULL,NULL),('  `token` varchar(64) COLLATE utf8mb4_unicode_ci NOT NULL',NULL,NULL,NULL,NULL,NULL,NULL,NULL,NULL,NULL,NULL,NULL,NULL,NULL,NULL,NULL,NULL,NULL,NULL,NULL,NULL,NULL,NULL,NULL,NULL,NULL,NULL,NULL,NULL,NULL,NULL,NULL,NULL,NULL,NULL,NULL,NULL,NULL,NULL,NULL,NULL,NULL,NULL,NULL,NULL,NULL,NULL,NULL,NULL,NULL,NULL,NULL,NULL,NULL,NULL,NULL,NULL,NULL,NULL,NULL,NULL,NULL,NULL,NULL,NULL,NULL,NULL,NULL,NULL,NULL,NULL,NULL,NULL,NULL,NULL,NULL),('  `abilities` text COLLATE utf8mb4_unicode_ci',NULL,NULL,NULL,NULL,NULL,NULL,NULL,NULL,NULL,NULL,NULL,NULL,NULL,NULL,NULL,NULL,NULL,NULL,NULL,NULL,NULL,NULL,NULL,NULL,NULL,NULL,NULL,NULL,NULL,NULL,NULL,NULL,NULL,NULL,NULL,NULL,NULL,NULL,NULL,NULL,NULL,NULL,NULL,NULL,NULL,NULL,NULL,NULL,NULL,NULL,NULL,NULL,NULL,NULL,NULL,NULL,NULL,NULL,NULL,NULL,NULL,NULL,NULL,NULL,NULL,NULL,NULL,NULL,NULL,NULL,NULL,NULL,NULL,NULL,NULL),('  `last_used_at` timestamp NULL DEFAULT NULL',NULL,NULL,NULL,NULL,NULL,NULL,NULL,NULL,NULL,NULL,NULL,NULL,NULL,NULL,NULL,NULL,NULL,NULL,NULL,NULL,NULL,NULL,NULL,NULL,NULL,NULL,NULL,NULL,NULL,NULL,NULL,NULL,NULL,NULL,NULL,NULL,NULL,NULL,NULL,NULL,NULL,NULL,NULL,NULL,NULL,NULL,NULL,NULL,NULL,NULL,NULL,NULL,NULL,NULL,NULL,NULL,NULL,NULL,NULL,NULL,NULL,NULL,NULL,NULL,NULL,NULL,NULL,NULL,NULL,NULL,NULL,NULL,NULL,NULL,NULL),('  `expires_at` timestamp NULL DEFAULT NULL',NULL,NULL,NULL,NULL,NULL,NULL,NULL,NULL,NULL,NULL,NULL,NULL,NULL,NULL,NULL,NULL,NULL,NULL,NULL,NULL,NULL,NULL,NULL,NULL,NULL,NULL,NULL,NULL,NULL,NULL,NULL,NULL,NULL,NULL,NULL,NULL,NULL,NULL,NULL,NULL,NULL,NULL,NULL,NULL,NULL,NULL,NULL,NULL,NULL,NULL,NULL,NULL,NULL,NULL,NULL,NULL,NULL,NULL,NULL,NULL,NULL,NULL,NULL,NULL,NULL,NULL,NULL,NULL,NULL,NULL,NULL,NULL,NULL,NULL,NULL),('  `created_at` timestamp NULL DEFAULT NULL',NULL,NULL,NULL,NULL,NULL,NULL,NULL,NULL,NULL,NULL,NULL,NULL,NULL,NULL,NULL,NULL,NULL,NULL,NULL,NULL,NULL,NULL,NULL,NULL,NULL,NULL,NULL,NULL,NULL,NULL,NULL,NULL,NULL,NULL,NULL,NULL,NULL,NULL,NULL,NULL,NULL,NULL,NULL,NULL,NULL,NULL,NULL,NULL,NULL,NULL,NULL,NULL,NULL,NULL,NULL,NULL,NULL,NULL,NULL,NULL,NULL,NULL,NULL,NULL,NULL,NULL,NULL,NULL,NULL,NULL,NULL,NULL,NULL,NULL,NULL),('  `updated_at` timestamp NULL DEFAULT NULL',NULL,NULL,NULL,NULL,NULL,NULL,NULL,NULL,NULL,NULL,NULL,NULL,NULL,NULL,NULL,NULL,NULL,NULL,NULL,NULL,NULL,NULL,NULL,NULL,NULL,NULL,NULL,NULL,NULL,NULL,NULL,NULL,NULL,NULL,NULL,NULL,NULL,NULL,NULL,NULL,NULL,NULL,NULL,NULL,NULL,NULL,NULL,NULL,NULL,NULL,NULL,NULL,NULL,NULL,NULL,NULL,NULL,NULL,NULL,NULL,NULL,NULL,NULL,NULL,NULL,NULL,NULL,NULL,NULL,NULL,NULL,NULL,NULL,NULL,NULL),('  PRIMARY KEY (`id`)',NULL,NULL,NULL,NULL,NULL,NULL,NULL,NULL,NULL,NULL,NULL,NULL,NULL,NULL,NULL,NULL,NULL,NULL,NULL,NULL,NULL,NULL,NULL,NULL,NULL,NULL,NULL,NULL,NULL,NULL,NULL,NULL,NULL,NULL,NULL,NULL,NULL,NULL,NULL,NULL,NULL,NULL,NULL,NULL,NULL,NULL,NULL,NULL,NULL,NULL,NULL,NULL,NULL,NULL,NULL,NULL,NULL,NULL,NULL,NULL,NULL,NULL,NULL,NULL,NULL,NULL,NULL,NULL,NULL,NULL,NULL,NULL,NULL,NULL,NULL),('  UNIQUE KEY `personal_access_tokens_token_unique` (`token`)',NULL,NULL,NULL,NULL,NULL,NULL,NULL,NULL,NULL,NULL,NULL,NULL,NULL,NULL,NULL,NULL,NULL,NULL,NULL,NULL,NULL,NULL,NULL,NULL,NULL,NULL,NULL,NULL,NULL,NULL,NULL,NULL,NULL,NULL,NULL,NULL,NULL,NULL,NULL,NULL,NULL,NULL,NULL,NULL,NULL,NULL,NULL,NULL,NULL,NULL,NULL,NULL,NULL,NULL,NULL,NULL,NULL,NULL,NULL,NULL,NULL,NULL,NULL,NULL,NULL,NULL,NULL,NULL,NULL,NULL,NULL,NULL,NULL,NULL,NULL),('  KEY `personal_access_tokens_tokenable_type_tokenable_id_index` (`tokenable_type`','`tokenable_id`)',NULL,NULL,NULL,NULL,NULL,NULL,NULL,NULL,NULL,NULL,NULL,NULL,NULL,NULL,NULL,NULL,NULL,NULL,NULL,NULL,NULL,NULL,NULL,NULL,NULL,NULL,NULL,NULL,NULL,NULL,NULL,NULL,NULL,NULL,NULL,NULL,NULL,NULL,NULL,NULL,NULL,NULL,NULL,NULL,NULL,NULL,NULL,NULL,NULL,NULL,NULL,NULL,NULL,NULL,NULL,NULL,NULL,NULL,NULL,NULL,NULL,NULL,NULL,NULL,NULL,NULL,NULL,NULL,NULL,NULL,NULL,NULL,NULL,NULL),('  `id` bigint unsigned NOT NULL AUTO_INCREMENT',NULL,NULL,NULL,NULL,NULL,NULL,NULL,NULL,NULL,NULL,NULL,NULL,NULL,NULL,NULL,NULL,NULL,NULL,NULL,NULL,NULL,NULL,NULL,NULL,NULL,NULL,NULL,NULL,NULL,NULL,NULL,NULL,NULL,NULL,NULL,NULL,NULL,NULL,NULL,NULL,NULL,NULL,NULL,NULL,NULL,NULL,NULL,NULL,NULL,NULL,NULL,NULL,NULL,NULL,NULL,NULL,NULL,NULL,NULL,NULL,NULL,NULL,NULL,NULL,NULL,NULL,NULL,NULL,NULL,NULL,NULL,NULL,NULL,NULL,NULL),('  `product_id` bigint unsigned NOT NULL',NULL,NULL,NULL,NULL,NULL,NULL,NULL,NULL,NULL,NULL,NULL,NULL,NULL,NULL,NULL,NULL,NULL,NULL,NULL,NULL,NULL,NULL,NULL,NULL,NULL,NULL,NULL,NULL,NULL,NULL,NULL,NULL,NULL,NULL,NULL,NULL,NULL,NULL,NULL,NULL,NULL,NULL,NULL,NULL,NULL,NULL,NULL,NULL,NULL,NULL,NULL,NULL,NULL,NULL,NULL,NULL,NULL,NULL,NULL,NULL,NULL,NULL,NULL,NULL,NULL,NULL,NULL,NULL,NULL,NULL,NULL,NULL,NULL,NULL,NULL),('  `order` int NOT NULL',NULL,NULL,NULL,NULL,NULL,NULL,NULL,NULL,NULL,NULL,NULL,NULL,NULL,NULL,NULL,NULL,NULL,NULL,NULL,NULL,NULL,NULL,NULL,NULL,NULL,NULL,NULL,NULL,NULL,NULL,NULL,NULL,NULL,NULL,NULL,NULL,NULL,NULL,NULL,NULL,NULL,NULL,NULL,NULL,NULL,NULL,NULL,NULL,NULL,NULL,NULL,NULL,NULL,NULL,NULL,NULL,NULL,NULL,NULL,NULL,NULL,NULL,NULL,NULL,NULL,NULL,NULL,NULL,NULL,NULL,NULL,NULL,NULL,NULL,NULL),('  `file_name` varchar(255) COLLATE utf8mb4_unicode_ci NOT NULL',NULL,NULL,NULL,NULL,NULL,NULL,NULL,NULL,NULL,NULL,NULL,NULL,NULL,NULL,NULL,NULL,NULL,NULL,NULL,NULL,NULL,NULL,NULL,NULL,NULL,NULL,NULL,NULL,NULL,NULL,NULL,NULL,NULL,NULL,NULL,NULL,NULL,NULL,NULL,NULL,NULL,NULL,NULL,NULL,NULL,NULL,NULL,NULL,NULL,NULL,NULL,NULL,NULL,NULL,NULL,NULL,NULL,NULL,NULL,NULL,NULL,NULL,NULL,NULL,NULL,NULL,NULL,NULL,NULL,NULL,NULL,NULL,NULL,NULL,NULL),('  `created_at` timestamp NULL DEFAULT NULL',NULL,NULL,NULL,NULL,NULL,NULL,NULL,NULL,NULL,NULL,NULL,NULL,NULL,NULL,NULL,NULL,NULL,NULL,NULL,NULL,NULL,NULL,NULL,NULL,NULL,NULL,NULL,NULL,NULL,NULL,NULL,NULL,NULL,NULL,NULL,NULL,NULL,NULL,NULL,NULL,NULL,NULL,NULL,NULL,NULL,NULL,NULL,NULL,NULL,NULL,NULL,NULL,NULL,NULL,NULL,NULL,NULL,NULL,NULL,NULL,NULL,NULL,NULL,NULL,NULL,NULL,NULL,NULL,NULL,NULL,NULL,NULL,NULL,NULL,NULL),('  `updated_at` timestamp NULL DEFAULT NULL',NULL,NULL,NULL,NULL,NULL,NULL,NULL,NULL,NULL,NULL,NULL,NULL,NULL,NULL,NULL,NULL,NULL,NULL,NULL,NULL,NULL,NULL,NULL,NULL,NULL,NULL,NULL,NULL,NULL,NULL,NULL,NULL,NULL,NULL,NULL,NULL,NULL,NULL,NULL,NULL,NULL,NULL,NULL,NULL,NULL,NULL,NULL,NULL,NULL,NULL,NULL,NULL,NULL,NULL,NULL,NULL,NULL,NULL,NULL,NULL,NULL,NULL,NULL,NULL,NULL,NULL,NULL,NULL,NULL,NULL,NULL,NULL,NULL,NULL,NULL),('  PRIMARY KEY (`id`)',NULL,NULL,NULL,NULL,NULL,NULL,NULL,NULL,NULL,NULL,NULL,NULL,NULL,NULL,NULL,NULL,NULL,NULL,NULL,NULL,NULL,NULL,NULL,NULL,NULL,NULL,NULL,NULL,NULL,NULL,NULL,NULL,NULL,NULL,NULL,NULL,NULL,NULL,NULL,NULL,NULL,NULL,NULL,NULL,NULL,NULL,NULL,NULL,NULL,NULL,NULL,NULL,NULL,NULL,NULL,NULL,NULL,NULL,NULL,NULL,NULL,NULL,NULL,NULL,NULL,NULL,NULL,NULL,NULL,NULL,NULL,NULL,NULL,NULL,NULL),('  UNIQUE KEY `product_photos_file_name_unique` (`file_name`)',NULL,NULL,NULL,NULL,NULL,NULL,NULL,NULL,NULL,NULL,NULL,NULL,NULL,NULL,NULL,NULL,NULL,NULL,NULL,NULL,NULL,NULL,NULL,NULL,NULL,NULL,NULL,NULL,NULL,NULL,NULL,NULL,NULL,NULL,NULL,NULL,NULL,NULL,NULL,NULL,NULL,NULL,NULL,NULL,NULL,NULL,NULL,NULL,NULL,NULL,NULL,NULL,NULL,NULL,NULL,NULL,NULL,NULL,NULL,NULL,NULL,NULL,NULL,NULL,NULL,NULL,NULL,NULL,NULL,NULL,NULL,NULL,NULL,NULL,NULL),('  KEY `product_photos_product_id_index` (`product_id`)',NULL,NULL,NULL,NULL,NULL,NULL,NULL,NULL,NULL,NULL,NULL,NULL,NULL,NULL,NULL,NULL,NULL,NULL,NULL,NULL,NULL,NULL,NULL,NULL,NULL,NULL,NULL,NULL,NULL,NULL,NULL,NULL,NULL,NULL,NULL,NULL,NULL,NULL,NULL,NULL,NULL,NULL,NULL,NULL,NULL,NULL,NULL,NULL,NULL,NULL,NULL,NULL,NULL,NULL,NULL,NULL,NULL,NULL,NULL,NULL,NULL,NULL,NULL,NULL,NULL,NULL,NULL,NULL,NULL,NULL,NULL,NULL,NULL,NULL,NULL),('  `id` bigint unsigned NOT NULL AUTO_INCREMENT',NULL,NULL,NULL,NULL,NULL,NULL,NULL,NULL,NULL,NULL,NULL,NULL,NULL,NULL,NULL,NULL,NULL,NULL,NULL,NULL,NULL,NULL,NULL,NULL,NULL,NULL,NULL,NULL,NULL,NULL,NULL,NULL,NULL,NULL,NULL,NULL,NULL,NULL,NULL,NULL,NULL,NULL,NULL,NULL,NULL,NULL,NULL,NULL,NULL,NULL,NULL,NULL,NULL,NULL,NULL,NULL,NULL,NULL,NULL,NULL,NULL,NULL,NULL,NULL,NULL,NULL,NULL,NULL,NULL,NULL,NULL,NULL,NULL,NULL,NULL),('  `product_id` bigint unsigned DEFAULT NULL',NULL,NULL,NULL,NULL,NULL,NULL,NULL,NULL,NULL,NULL,NULL,NULL,NULL,NULL,NULL,NULL,NULL,NULL,NULL,NULL,NULL,NULL,NULL,NULL,NULL,NULL,NULL,NULL,NULL,NULL,NULL,NULL,NULL,NULL,NULL,NULL,NULL,NULL,NULL,NULL,NULL,NULL,NULL,NULL,NULL,NULL,NULL,NULL,NULL,NULL,NULL,NULL,NULL,NULL,NULL,NULL,NULL,NULL,NULL,NULL,NULL,NULL,NULL,NULL,NULL,NULL,NULL,NULL,NULL,NULL,NULL,NULL,NULL,NULL,NULL),('  `subject_id` bigint unsigned DEFAULT NULL',NULL,NULL,NULL,NULL,NULL,NULL,NULL,NULL,NULL,NULL,NULL,NULL,NULL,NULL,NULL,NULL,NULL,NULL,NULL,NULL,NULL,NULL,NULL,NULL,NULL,NULL,NULL,NULL,NULL,NULL,NULL,NULL,NULL,NULL,NULL,NULL,NULL,NULL,NULL,NULL,NULL,NULL,NULL,NULL,NULL,NULL,NULL,NULL,NULL,NULL,NULL,NULL,NULL,NULL,NULL,NULL,NULL,NULL,NULL,NULL,NULL,NULL,NULL,NULL,NULL,NULL,NULL,NULL,NULL,NULL,NULL,NULL,NULL,NULL,NULL),('  `created_at` timestamp NULL DEFAULT NULL',NULL,NULL,NULL,NULL,NULL,NULL,NULL,NULL,NULL,NULL,NULL,NULL,NULL,NULL,NULL,NULL,NULL,NULL,NULL,NULL,NULL,NULL,NULL,NULL,NULL,NULL,NULL,NULL,NULL,NULL,NULL,NULL,NULL,NULL,NULL,NULL,NULL,NULL,NULL,NULL,NULL,NULL,NULL,NULL,NULL,NULL,NULL,NULL,NULL,NULL,NULL,NULL,NULL,NULL,NULL,NULL,NULL,NULL,NULL,NULL,NULL,NULL,NULL,NULL,NULL,NULL,NULL,NULL,NULL,NULL,NULL,NULL,NULL,NULL,NULL),('  `updated_at` timestamp NULL DEFAULT NULL',NULL,NULL,NULL,NULL,NULL,NULL,NULL,NULL,NULL,NULL,NULL,NULL,NULL,NULL,NULL,NULL,NULL,NULL,NULL,NULL,NULL,NULL,NULL,NULL,NULL,NULL,NULL,NULL,NULL,NULL,NULL,NULL,NULL,NULL,NULL,NULL,NULL,NULL,NULL,NULL,NULL,NULL,NULL,NULL,NULL,NULL,NULL,NULL,NULL,NULL,NULL,NULL,NULL,NULL,NULL,NULL,NULL,NULL,NULL,NULL,NULL,NULL,NULL,NULL,NULL,NULL,NULL,NULL,NULL,NULL,NULL,NULL,NULL,NULL,NULL),('  PRIMARY KEY (`id`)',NULL,NULL,NULL,NULL,NULL,NULL,NULL,NULL,NULL,NULL,NULL,NULL,NULL,NULL,NULL,NULL,NULL,NULL,NULL,NULL,NULL,NULL,NULL,NULL,NULL,NULL,NULL,NULL,NULL,NULL,NULL,NULL,NULL,NULL,NULL,NULL,NULL,NULL,NULL,NULL,NULL,NULL,NULL,NULL,NULL,NULL,NULL,NULL,NULL,NULL,NULL,NULL,NULL,NULL,NULL,NULL,NULL,NULL,NULL,NULL,NULL,NULL,NULL,NULL,NULL,NULL,NULL,NULL,NULL,NULL,NULL,NULL,NULL,NULL,NULL),('  KEY `product_subject_product_id_foreign` (`product_id`)',NULL,NULL,NULL,NULL,NULL,NULL,NULL,NULL,NULL,NULL,NULL,NULL,NULL,NULL,NULL,NULL,NULL,NULL,NULL,NULL,NULL,NULL,NULL,NULL,NULL,NULL,NULL,NULL,NULL,NULL,NULL,NULL,NULL,NULL,NULL,NULL,NULL,NULL,NULL,NULL,NULL,NULL,NULL,NULL,NULL,NULL,NULL,NULL,NULL,NULL,NULL,NULL,NULL,NULL,NULL,NULL,NULL,NULL,NULL,NULL,NULL,NULL,NULL,NULL,NULL,NULL,NULL,NULL,NULL,NULL,NULL,NULL,NULL,NULL,NULL),('  KEY `product_subject_subject_id_foreign` (`subject_id`)',NULL,NULL,NULL,NULL,NULL,NULL,NULL,NULL,NULL,NULL,NULL,NULL,NULL,NULL,NULL,NULL,NULL,NULL,NULL,NULL,NULL,NULL,NULL,NULL,NULL,NULL,NULL,NULL,NULL,NULL,NULL,NULL,NULL,NULL,NULL,NULL,NULL,NULL,NULL,NULL,NULL,NULL,NULL,NULL,NULL,NULL,NULL,NULL,NULL,NULL,NULL,NULL,NULL,NULL,NULL,NULL,NULL,NULL,NULL,NULL,NULL,NULL,NULL,NULL,NULL,NULL,NULL,NULL,NULL,NULL,NULL,NULL,NULL,NULL,NULL),('  CONSTRAINT `product_subject_product_id_foreign` FOREIGN KEY (`product_id`) REFERENCES `products` (`id`) ON DELETE SET NULL',NULL,NULL,NULL,NULL,NULL,NULL,NULL,NULL,NULL,NULL,NULL,NULL,NULL,NULL,NULL,NULL,NULL,NULL,NULL,NULL,NULL,NULL,NULL,NULL,NULL,NULL,NULL,NULL,NULL,NULL,NULL,NULL,NULL,NULL,NULL,NULL,NULL,NULL,NULL,NULL,NULL,NULL,NULL,NULL,NULL,NULL,NULL,NULL,NULL,NULL,NULL,NULL,NULL,NULL,NULL,NULL,NULL,NULL,NULL,NULL,NULL,NULL,NULL,NULL,NULL,NULL,NULL,NULL,NULL,NULL,NULL,NULL,NULL,NULL,NULL),('  `id` bigint unsigned NOT NULL AUTO_INCREMENT',NULL,NULL,NULL,NULL,NULL,NULL,NULL,NULL,NULL,NULL,NULL,NULL,NULL,NULL,NULL,NULL,NULL,NULL,NULL,NULL,NULL,NULL,NULL,NULL,NULL,NULL,NULL,NULL,NULL,NULL,NULL,NULL,NULL,NULL,NULL,NULL,NULL,NULL,NULL,NULL,NULL,NULL,NULL,NULL,NULL,NULL,NULL,NULL,NULL,NULL,NULL,NULL,NULL,NULL,NULL,NULL,NULL,NULL,NULL,NULL,NULL,NULL,NULL,NULL,NULL,NULL,NULL,NULL,NULL,NULL,NULL,NULL,NULL,NULL,NULL),('  `category_id` bigint unsigned DEFAULT NULL',NULL,NULL,NULL,NULL,NULL,NULL,NULL,NULL,NULL,NULL,NULL,NULL,NULL,NULL,NULL,NULL,NULL,NULL,NULL,NULL,NULL,NULL,NULL,NULL,NULL,NULL,NULL,NULL,NULL,NULL,NULL,NULL,NULL,NULL,NULL,NULL,NULL,NULL,NULL,NULL,NULL,NULL,NULL,NULL,NULL,NULL,NULL,NULL,NULL,NULL,NULL,NULL,NULL,NULL,NULL,NULL,NULL,NULL,NULL,NULL,NULL,NULL,NULL,NULL,NULL,NULL,NULL,NULL,NULL,NULL,NULL,NULL,NULL,NULL,NULL),('  `title_uk` varchar(255) COLLATE utf8mb4_unicode_ci NOT NULL',NULL,NULL,NULL,NULL,NULL,NULL,NULL,NULL,NULL,NULL,NULL,NULL,NULL,NULL,NULL,NULL,NULL,NULL,NULL,NULL,NULL,NULL,NULL,NULL,NULL,NULL,NULL,NULL,NULL,NULL,NULL,NULL,NULL,NULL,NULL,NULL,NULL,NULL,NULL,NULL,NULL,NULL,NULL,NULL,NULL,NULL,NULL,NULL,NULL,NULL,NULL,NULL,NULL,NULL,NULL,NULL,NULL,NULL,NULL,NULL,NULL,NULL,NULL,NULL,NULL,NULL,NULL,NULL,NULL,NULL,NULL,NULL,NULL,NULL,NULL),('  `title_ru` varchar(255) COLLATE utf8mb4_unicode_ci DEFAULT NULL',NULL,NULL,NULL,NULL,NULL,NULL,NULL,NULL,NULL,NULL,NULL,NULL,NULL,NULL,NULL,NULL,NULL,NULL,NULL,NULL,NULL,NULL,NULL,NULL,NULL,NULL,NULL,NULL,NULL,NULL,NULL,NULL,NULL,NULL,NULL,NULL,NULL,NULL,NULL,NULL,NULL,NULL,NULL,NULL,NULL,NULL,NULL,NULL,NULL,NULL,NULL,NULL,NULL,NULL,NULL,NULL,NULL,NULL,NULL,NULL,NULL,NULL,NULL,NULL,NULL,NULL,NULL,NULL,NULL,NULL,NULL,NULL,NULL,NULL,NULL),('  `description_uk` text COLLATE utf8mb4_unicode_ci NOT NULL',NULL,NULL,NULL,NULL,NULL,NULL,NULL,NULL,NULL,NULL,NULL,NULL,NULL,NULL,NULL,NULL,NULL,NULL,NULL,NULL,NULL,NULL,NULL,NULL,NULL,NULL,NULL,NULL,NULL,NULL,NULL,NULL,NULL,NULL,NULL,NULL,NULL,NULL,NULL,NULL,NULL,NULL,NULL,NULL,NULL,NULL,NULL,NULL,NULL,NULL,NULL,NULL,NULL,NULL,NULL,NULL,NULL,NULL,NULL,NULL,NULL,NULL,NULL,NULL,NULL,NULL,NULL,NULL,NULL,NULL,NULL,NULL,NULL,NULL,NULL),('  `description_ru` text COLLATE utf8mb4_unicode_ci',NULL,NULL,NULL,NULL,NULL,NULL,NULL,NULL,NULL,NULL,NULL,NULL,NULL,NULL,NULL,NULL,NULL,NULL,NULL,NULL,NULL,NULL,NULL,NULL,NULL,NULL,NULL,NULL,NULL,NULL,NULL,NULL,NULL,NULL,NULL,NULL,NULL,NULL,NULL,NULL,NULL,NULL,NULL,NULL,NULL,NULL,NULL,NULL,NULL,NULL,NULL,NULL,NULL,NULL,NULL,NULL,NULL,NULL,NULL,NULL,NULL,NULL,NULL,NULL,NULL,NULL,NULL,NULL,NULL,NULL,NULL,NULL,NULL,NULL,NULL),('  `article` varchar(255) COLLATE utf8mb4_unicode_ci NOT NULL',NULL,NULL,NULL,NULL,NULL,NULL,NULL,NULL,NULL,NULL,NULL,NULL,NULL,NULL,NULL,NULL,NULL,NULL,NULL,NULL,NULL,NULL,NULL,NULL,NULL,NULL,NULL,NULL,NULL,NULL,NULL,NULL,NULL,NULL,NULL,NULL,NULL,NULL,NULL,NULL,NULL,NULL,NULL,NULL,NULL,NULL,NULL,NULL,NULL,NULL,NULL,NULL,NULL,NULL,NULL,NULL,NULL,NULL,NULL,NULL,NULL,NULL,NULL,NULL,NULL,NULL,NULL,NULL,NULL,NULL,NULL,NULL,NULL,NULL,NULL),('  `thumbnail` varchar(255) COLLATE utf8mb4_unicode_ci NOT NULL',NULL,NULL,NULL,NULL,NULL,NULL,NULL,NULL,NULL,NULL,NULL,NULL,NULL,NULL,NULL,NULL,NULL,NULL,NULL,NULL,NULL,NULL,NULL,NULL,NULL,NULL,NULL,NULL,NULL,NULL,NULL,NULL,NULL,NULL,NULL,NULL,NULL,NULL,NULL,NULL,NULL,NULL,NULL,NULL,NULL,NULL,NULL,NULL,NULL,NULL,NULL,NULL,NULL,NULL,NULL,NULL,NULL,NULL,NULL,NULL,NULL,NULL,NULL,NULL,NULL,NULL,NULL,NULL,NULL,NULL,NULL,NULL,NULL,NULL,NULL),('  `created_at` timestamp NULL DEFAULT NULL',NULL,NULL,NULL,NULL,NULL,NULL,NULL,NULL,NULL,NULL,NULL,NULL,NULL,NULL,NULL,NULL,NULL,NULL,NULL,NULL,NULL,NULL,NULL,NULL,NULL,NULL,NULL,NULL,NULL,NULL,NULL,NULL,NULL,NULL,NULL,NULL,NULL,NULL,NULL,NULL,NULL,NULL,NULL,NULL,NULL,NULL,NULL,NULL,NULL,NULL,NULL,NULL,NULL,NULL,NULL,NULL,NULL,NULL,NULL,NULL,NULL,NULL,NULL,NULL,NULL,NULL,NULL,NULL,NULL,NULL,NULL,NULL,NULL,NULL,NULL),('  `updated_at` timestamp NULL DEFAULT NULL',NULL,NULL,NULL,NULL,NULL,NULL,NULL,NULL,NULL,NULL,NULL,NULL,NULL,NULL,NULL,NULL,NULL,NULL,NULL,NULL,NULL,NULL,NULL,NULL,NULL,NULL,NULL,NULL,NULL,NULL,NULL,NULL,NULL,NULL,NULL,NULL,NULL,NULL,NULL,NULL,NULL,NULL,NULL,NULL,NULL,NULL,NULL,NULL,NULL,NULL,NULL,NULL,NULL,NULL,NULL,NULL,NULL,NULL,NULL,NULL,NULL,NULL,NULL,NULL,NULL,NULL,NULL,NULL,NULL,NULL,NULL,NULL,NULL,NULL,NULL),('  PRIMARY KEY (`id`)',NULL,NULL,NULL,NULL,NULL,NULL,NULL,NULL,NULL,NULL,NULL,NULL,NULL,NULL,NULL,NULL,NULL,NULL,NULL,NULL,NULL,NULL,NULL,NULL,NULL,NULL,NULL,NULL,NULL,NULL,NULL,NULL,NULL,NULL,NULL,NULL,NULL,NULL,NULL,NULL,NULL,NULL,NULL,NULL,NULL,NULL,NULL,NULL,NULL,NULL,NULL,NULL,NULL,NULL,NULL,NULL,NULL,NULL,NULL,NULL,NULL,NULL,NULL,NULL,NULL,NULL,NULL,NULL,NULL,NULL,NULL,NULL,NULL,NULL,NULL),('  KEY `products_category_id_foreign` (`category_id`)',NULL,NULL,NULL,NULL,NULL,NULL,NULL,NULL,NULL,NULL,NULL,NULL,NULL,NULL,NULL,NULL,NULL,NULL,NULL,NULL,NULL,NULL,NULL,NULL,NULL,NULL,NULL,NULL,NULL,NULL,NULL,NULL,NULL,NULL,NULL,NULL,NULL,NULL,NULL,NULL,NULL,NULL,NULL,NULL,NULL,NULL,NULL,NULL,NULL,NULL,NULL,NULL,NULL,NULL,NULL,NULL,NULL,NULL,NULL,NULL,NULL,NULL,NULL,NULL,NULL,NULL,NULL,NULL,NULL,NULL,NULL,NULL,NULL,NULL,NULL),('  `id` bigint unsigned NOT NULL AUTO_INCREMENT',NULL,NULL,NULL,NULL,NULL,NULL,NULL,NULL,NULL,NULL,NULL,NULL,NULL,NULL,NULL,NULL,NULL,NULL,NULL,NULL,NULL,NULL,NULL,NULL,NULL,NULL,NULL,NULL,NULL,NULL,NULL,NULL,NULL,NULL,NULL,NULL,NULL,NULL,NULL,NULL,NULL,NULL,NULL,NULL,NULL,NULL,NULL,NULL,NULL,NULL,NULL,NULL,NULL,NULL,NULL,NULL,NULL,NULL,NULL,NULL,NULL,NULL,NULL,NULL,NULL,NULL,NULL,NULL,NULL,NULL,NULL,NULL,NULL,NULL,NULL),('  `name_uk` varchar(255) COLLATE utf8mb4_unicode_ci NOT NULL',NULL,NULL,NULL,NULL,NULL,NULL,NULL,NULL,NULL,NULL,NULL,NULL,NULL,NULL,NULL,NULL,NULL,NULL,NULL,NULL,NULL,NULL,NULL,NULL,NULL,NULL,NULL,NULL,NULL,NULL,NULL,NULL,NULL,NULL,NULL,NULL,NULL,NULL,NULL,NULL,NULL,NULL,NULL,NULL,NULL,NULL,NULL,NULL,NULL,NULL,NULL,NULL,NULL,NULL,NULL,NULL,NULL,NULL,NULL,NULL,NULL,NULL,NULL,NULL,NULL,NULL,NULL,NULL,NULL,NULL,NULL,NULL,NULL,NULL,NULL),('  `name_ru` varchar(255) COLLATE utf8mb4_unicode_ci NOT NULL',NULL,NULL,NULL,NULL,NULL,NULL,NULL,NULL,NULL,NULL,NULL,NULL,NULL,NULL,NULL,NULL,NULL,NULL,NULL,NULL,NULL,NULL,NULL,NULL,NULL,NULL,NULL,NULL,NULL,NULL,NULL,NULL,NULL,NULL,NULL,NULL,NULL,NULL,NULL,NULL,NULL,NULL,NULL,NULL,NULL,NULL,NULL,NULL,NULL,NULL,NULL,NULL,NULL,NULL,NULL,NULL,NULL,NULL,NULL,NULL,NULL,NULL,NULL,NULL,NULL,NULL,NULL,NULL,NULL,NULL,NULL,NULL,NULL,NULL,NULL),('  `created_at` timestamp NULL DEFAULT NULL',NULL,NULL,NULL,NULL,NULL,NULL,NULL,NULL,NULL,NULL,NULL,NULL,NULL,NULL,NULL,NULL,NULL,NULL,NULL,NULL,NULL,NULL,NULL,NULL,NULL,NULL,NULL,NULL,NULL,NULL,NULL,NULL,NULL,NULL,NULL,NULL,NULL,NULL,NULL,NULL,NULL,NULL,NULL,NULL,NULL,NULL,NULL,NULL,NULL,NULL,NULL,NULL,NULL,NULL,NULL,NULL,NULL,NULL,NULL,NULL,NULL,NULL,NULL,NULL,NULL,NULL,NULL,NULL,NULL,NULL,NULL,NULL,NULL,NULL,NULL),('  `updated_at` timestamp NULL DEFAULT NULL',NULL,NULL,NULL,NULL,NULL,NULL,NULL,NULL,NULL,NULL,NULL,NULL,NULL,NULL,NULL,NULL,NULL,NULL,NULL,NULL,NULL,NULL,NULL,NULL,NULL,NULL,NULL,NULL,NULL,NULL,NULL,NULL,NULL,NULL,NULL,NULL,NULL,NULL,NULL,NULL,NULL,NULL,NULL,NULL,NULL,NULL,NULL,NULL,NULL,NULL,NULL,NULL,NULL,NULL,NULL,NULL,NULL,NULL,NULL,NULL,NULL,NULL,NULL,NULL,NULL,NULL,NULL,NULL,NULL,NULL,NULL,NULL,NULL,NULL,NULL),('  `id` bigint unsigned NOT NULL AUTO_INCREMENT',NULL,NULL,NULL,NULL,NULL,NULL,NULL,NULL,NULL,NULL,NULL,NULL,NULL,NULL,NULL,NULL,NULL,NULL,NULL,NULL,NULL,NULL,NULL,NULL,NULL,NULL,NULL,NULL,NULL,NULL,NULL,NULL,NULL,NULL,NULL,NULL,NULL,NULL,NULL,NULL,NULL,NULL,NULL,NULL,NULL,NULL,NULL,NULL,NULL,NULL,NULL,NULL,NULL,NULL,NULL,NULL,NULL,NULL,NULL,NULL,NULL,NULL,NULL,NULL,NULL,NULL,NULL,NULL,NULL,NULL,NULL,NULL,NULL,NULL,NULL),('  `full_name` varchar(255) COLLATE utf8mb4_unicode_ci DEFAULT NULL',NULL,NULL,NULL,NULL,NULL,NULL,NULL,NULL,NULL,NULL,NULL,NULL,NULL,NULL,NULL,NULL,NULL,NULL,NULL,NULL,NULL,NULL,NULL,NULL,NULL,NULL,NULL,NULL,NULL,NULL,NULL,NULL,NULL,NULL,NULL,NULL,NULL,NULL,NULL,NULL,NULL,NULL,NULL,NULL,NULL,NULL,NULL,NULL,NULL,NULL,NULL,NULL,NULL,NULL,NULL,NULL,NULL,NULL,NULL,NULL,NULL,NULL,NULL,NULL,NULL,NULL,NULL,NULL,NULL,NULL,NULL,NULL,NULL,NULL,NULL),('  `phone` varchar(255) COLLATE utf8mb4_unicode_ci NOT NULL',NULL,NULL,NULL,NULL,NULL,NULL,NULL,NULL,NULL,NULL,NULL,NULL,NULL,NULL,NULL,NULL,NULL,NULL,NULL,NULL,NULL,NULL,NULL,NULL,NULL,NULL,NULL,NULL,NULL,NULL,NULL,NULL,NULL,NULL,NULL,NULL,NULL,NULL,NULL,NULL,NULL,NULL,NULL,NULL,NULL,NULL,NULL,NULL,NULL,NULL,NULL,NULL,NULL,NULL,NULL,NULL,NULL,NULL,NULL,NULL,NULL,NULL,NULL,NULL,NULL,NULL,NULL,NULL,NULL,NULL,NULL,NULL,NULL,NULL,NULL),('  `google_id` varchar(255) COLLATE utf8mb4_unicode_ci DEFAULT NULL',NULL,NULL,NULL,NULL,NULL,NULL,NULL,NULL,NULL,NULL,NULL,NULL,NULL,NULL,NULL,NULL,NULL,NULL,NULL,NULL,NULL,NULL,NULL,NULL,NULL,NULL,NULL,NULL,NULL,NULL,NULL,NULL,NULL,NULL,NULL,NULL,NULL,NULL,NULL,NULL,NULL,NULL,NULL,NULL,NULL,NULL,NULL,NULL,NULL,NULL,NULL,NULL,NULL,NULL,NULL,NULL,NULL,NULL,NULL,NULL,NULL,NULL,NULL,NULL,NULL,NULL,NULL,NULL,NULL,NULL,NULL,NULL,NULL,NULL,NULL),('  `email` varchar(255) COLLATE utf8mb4_unicode_ci DEFAULT NULL',NULL,NULL,NULL,NULL,NULL,NULL,NULL,NULL,NULL,NULL,NULL,NULL,NULL,NULL,NULL,NULL,NULL,NULL,NULL,NULL,NULL,NULL,NULL,NULL,NULL,NULL,NULL,NULL,NULL,NULL,NULL,NULL,NULL,NULL,NULL,NULL,NULL,NULL,NULL,NULL,NULL,NULL,NULL,NULL,NULL,NULL,NULL,NULL,NULL,NULL,NULL,NULL,NULL,NULL,NULL,NULL,NULL,NULL,NULL,NULL,NULL,NULL,NULL,NULL,NULL,NULL,NULL,NULL,NULL,NULL,NULL,NULL,NULL,NULL,NULL),('  `email_verified_at` timestamp NULL DEFAULT NULL',NULL,NULL,NULL,NULL,NULL,NULL,NULL,NULL,NULL,NULL,NULL,NULL,NULL,NULL,NULL,NULL,NULL,NULL,NULL,NULL,NULL,NULL,NULL,NULL,NULL,NULL,NULL,NULL,NULL,NULL,NULL,NULL,NULL,NULL,NULL,NULL,NULL,NULL,NULL,NULL,NULL,NULL,NULL,NULL,NULL,NULL,NULL,NULL,NULL,NULL,NULL,NULL,NULL,NULL,NULL,NULL,NULL,NULL,NULL,NULL,NULL,NULL,NULL,NULL,NULL,NULL,NULL,NULL,NULL,NULL,NULL,NULL,NULL,NULL,NULL),('  `password` varchar(255) COLLATE utf8mb4_unicode_ci DEFAULT NULL',NULL,NULL,NULL,NULL,NULL,NULL,NULL,NULL,NULL,NULL,NULL,NULL,NULL,NULL,NULL,NULL,NULL,NULL,NULL,NULL,NULL,NULL,NULL,NULL,NULL,NULL,NULL,NULL,NULL,NULL,NULL,NULL,NULL,NULL,NULL,NULL,NULL,NULL,NULL,NULL,NULL,NULL,NULL,NULL,NULL,NULL,NULL,NULL,NULL,NULL,NULL,NULL,NULL,NULL,NULL,NULL,NULL,NULL,NULL,NULL,NULL,NULL,NULL,NULL,NULL,NULL,NULL,NULL,NULL,NULL,NULL,NULL,NULL,NULL,NULL),('  `is_admin` tinyint(1) NOT NULL DEFAULT \'0\'',NULL,NULL,NULL,NULL,NULL,NULL,NULL,NULL,NULL,NULL,NULL,NULL,NULL,NULL,NULL,NULL,NULL,NULL,NULL,NULL,NULL,NULL,NULL,NULL,NULL,NULL,NULL,NULL,NULL,NULL,NULL,NULL,NULL,NULL,NULL,NULL,NULL,NULL,NULL,NULL,NULL,NULL,NULL,NULL,NULL,NULL,NULL,NULL,NULL,NULL,NULL,NULL,NULL,NULL,NULL,NULL,NULL,NULL,NULL,NULL,NULL,NULL,NULL,NULL,NULL,NULL,NULL,NULL,NULL,NULL,NULL,NULL,NULL,NULL,NULL),('  `remember_token` varchar(100) COLLATE utf8mb4_unicode_ci DEFAULT NULL',NULL,NULL,NULL,NULL,NULL,NULL,NULL,NULL,NULL,NULL,NULL,NULL,NULL,NULL,NULL,NULL,NULL,NULL,NULL,NULL,NULL,NULL,NULL,NULL,NULL,NULL,NULL,NULL,NULL,NULL,NULL,NULL,NULL,NULL,NULL,NULL,NULL,NULL,NULL,NULL,NULL,NULL,NULL,NULL,NULL,NULL,NULL,NULL,NULL,NULL,NULL,NULL,NULL,NULL,NULL,NULL,NULL,NULL,NULL,NULL,NULL,NULL,NULL,NULL,NULL,NULL,NULL,NULL,NULL,NULL,NULL,NULL,NULL,NULL,NULL),('  `created_at` timestamp NULL DEFAULT NULL',NULL,NULL,NULL,NULL,NULL,NULL,NULL,NULL,NULL,NULL,NULL,NULL,NULL,NULL,NULL,NULL,NULL,NULL,NULL,NULL,NULL,NULL,NULL,NULL,NULL,NULL,NULL,NULL,NULL,NULL,NULL,NULL,NULL,NULL,NULL,NULL,NULL,NULL,NULL,NULL,NULL,NULL,NULL,NULL,NULL,NULL,NULL,NULL,NULL,NULL,NULL,NULL,NULL,NULL,NULL,NULL,NULL,NULL,NULL,NULL,NULL,NULL,NULL,NULL,NULL,NULL,NULL,NULL,NULL,NULL,NULL,NULL,NULL,NULL,NULL),('  `updated_at` timestamp NULL DEFAULT NULL',NULL,NULL,NULL,NULL,NULL,NULL,NULL,NULL,NULL,NULL,NULL,NULL,NULL,NULL,NULL,NULL,NULL,NULL,NULL,NULL,NULL,NULL,NULL,NULL,NULL,NULL,NULL,NULL,NULL,NULL,NULL,NULL,NULL,NULL,NULL,NULL,NULL,NULL,NULL,NULL,NULL,NULL,NULL,NULL,NULL,NULL,NULL,NULL,NULL,NULL,NULL,NULL,NULL,NULL,NULL,NULL,NULL,NULL,NULL,NULL,NULL,NULL,NULL,NULL,NULL,NULL,NULL,NULL,NULL,NULL,NULL,NULL,NULL,NULL,NULL),('  PRIMARY KEY (`id`)',NULL,NULL,NULL,NULL,NULL,NULL,NULL,NULL,NULL,NULL,NULL,NULL,NULL,NULL,NULL,NULL,NULL,NULL,NULL,NULL,NULL,NULL,NULL,NULL,NULL,NULL,NULL,NULL,NULL,NULL,NULL,NULL,NULL,NULL,NULL,NULL,NULL,NULL,NULL,NULL,NULL,NULL,NULL,NULL,NULL,NULL,NULL,NULL,NULL,NULL,NULL,NULL,NULL,NULL,NULL,NULL,NULL,NULL,NULL,NULL,NULL,NULL,NULL,NULL,NULL,NULL,NULL,NULL,NULL,NULL,NULL,NULL,NULL,NULL,NULL),('  UNIQUE KEY `users_phone_unique` (`phone`)',NULL,NULL,NULL,NULL,NULL,NULL,NULL,NULL,NULL,NULL,NULL,NULL,NULL,NULL,NULL,NULL,NULL,NULL,NULL,NULL,NULL,NULL,NULL,NULL,NULL,NULL,NULL,NULL,NULL,NULL,NULL,NULL,NULL,NULL,NULL,NULL,NULL,NULL,NULL,NULL,NULL,NULL,NULL,NULL,NULL,NULL,NULL,NULL,NULL,NULL,NULL,NULL,NULL,NULL,NULL,NULL,NULL,NULL,NULL,NULL,NULL,NULL,NULL,NULL,NULL,NULL,NULL,NULL,NULL,NULL,NULL,NULL,NULL,NULL,NULL);
/*!40000 ALTER TABLE `flowersshop` ENABLE KEYS */;
UNLOCK TABLES;

--
-- Table structure for table `migrations`
--

DROP TABLE IF EXISTS `migrations`;
/*!40101 SET @saved_cs_client     = @@character_set_client */;
/*!50503 SET character_set_client = utf8mb4 */;
CREATE TABLE `migrations` (
  `id` int unsigned NOT NULL AUTO_INCREMENT,
  `migration` varchar(255) CHARACTER SET utf8mb4 COLLATE utf8mb4_unicode_ci NOT NULL,
  `batch` int NOT NULL,
  PRIMARY KEY (`id`)
) ENGINE=InnoDB AUTO_INCREMENT=120 DEFAULT CHARSET=utf8mb4 COLLATE=utf8mb4_unicode_ci;
/*!40101 SET character_set_client = @saved_cs_client */;

--
-- Dumping data for table `migrations`
--

LOCK TABLES `migrations` WRITE;
/*!40000 ALTER TABLE `migrations` DISABLE KEYS */;
INSERT INTO `migrations` VALUES (74,'2014_10_12_100000_create_password_reset_tokens_table',1),(75,'2019_08_19_000000_create_failed_jobs_table',1),(76,'2019_12_14_000001_create_personal_access_tokens_table',1),(77,'2024_03_30_132540_create_categories_table',1),(78,'2024_03_30_132647_create_products_table',1),(80,'2024_03_30_140026_create_orders_table',1),(81,'2024_03_30_151428_create_order_products_table',1),(82,'2024_04_03_112656_create_product_photos_table',1),(86,'2024_03_30_135713_create_banners_table',2),(94,'2024_04_06_183149_add_column_to_orders_table',3),(95,'2024_04_06_183959_add_column_to_order_products_table',4),(102,'2024_04_18_084505_create_subjects_table',5),(103,'2024_04_18_084515_create_flowers_table',5),(104,'2024_04_18_084948_create_product_subject_table',5),(105,'2024_04_18_085014_create_flower_product_table',5),(108,'2024_04_19_154935_create_comments_table',6),(110,'2014_10_12_000000_create_users_table',7),(111,'2024_04_28_130556_drop_column_from_orders_table',8),(112,'2024_04_28_130812_add_column_to_orders_table',9),(113,'2024_04_28_134927_update_column_delivery_time_in_orders_table',10),(114,'2024_05_01_101435_update_orders_table',11),(115,'2024_05_03_093452_add_column_to_users_table',12),(116,'2024_05_03_133401_create_user_favorite_products_table',13),(117,'2024_05_04_200801_add_column_to_orders_table',14);
/*!40000 ALTER TABLE `migrations` ENABLE KEYS */;
UNLOCK TABLES;

--
-- Table structure for table `order_products`
--

DROP TABLE IF EXISTS `order_products`;
/*!40101 SET @saved_cs_client     = @@character_set_client */;
/*!50503 SET character_set_client = utf8mb4 */;
CREATE TABLE `order_products` (
  `id` bigint unsigned NOT NULL AUTO_INCREMENT,
  `order_id` bigint unsigned NOT NULL,
  `product_id` bigint unsigned NOT NULL,
  `product_name` varchar(255) CHARACTER SET utf8mb4 COLLATE utf8mb4_unicode_ci NOT NULL,
  `quantity` int NOT NULL,
  `created_at` timestamp NULL DEFAULT NULL,
  `updated_at` timestamp NULL DEFAULT NULL,
  PRIMARY KEY (`id`),
  KEY `order_products_order_id_foreign` (`order_id`),
  KEY `order_products_product_id_foreign` (`product_id`),
  CONSTRAINT `order_products_order_id_foreign` FOREIGN KEY (`order_id`) REFERENCES `orders` (`id`) ON DELETE CASCADE,
  CONSTRAINT `order_products_product_id_foreign` FOREIGN KEY (`product_id`) REFERENCES `products` (`id`)
) ENGINE=InnoDB AUTO_INCREMENT=84 DEFAULT CHARSET=utf8mb4 COLLATE=utf8mb4_unicode_ci;
/*!40101 SET character_set_client = @saved_cs_client */;

--
-- Dumping data for table `order_products`
--

LOCK TABLES `order_products` WRITE;
/*!40000 ALTER TABLE `order_products` DISABLE KEYS */;
INSERT INTO `order_products` VALUES (3,1,100,'name',8,'2024-04-07 11:30:14',NULL),(4,1,101,'name 2',3,'2024-04-07 11:30:33',NULL),(5,2,100,'product name',5,'2024-04-11 22:20:54',NULL),(6,2,101,'second product',6,'2024-04-11 22:21:18',NULL),(7,5,100,'Букет \"Квітковий бал\"',1,'2024-04-28 13:51:35','2024-04-28 13:51:35'),(8,6,100,'Букет \"Квітковий бал\"',2,'2024-04-28 14:03:37','2024-04-28 14:03:37'),(9,6,101,'Букет з гіацинтів \"Небесний\"',1,'2024-04-28 14:03:37','2024-04-28 14:03:37'),(10,7,100,'Букет \"Квітковий бал\"',5,'2024-04-28 17:30:40','2024-04-28 17:30:40'),(11,7,107,'Букет з 15 хризантем \"Чарівність\"',1,'2024-04-28 17:30:40','2024-04-28 17:30:40'),(12,7,101,'Букет з гіацинтів \"Небесний\"',3,'2024-04-28 17:30:40','2024-04-28 17:30:40'),(13,8,100,'Букет \"Цветочный бал\"',2,'2024-05-04 18:13:22','2024-05-04 18:13:22'),(14,9,103,'Букет із ранункулюсів \"Ніжна карамель\"',2,'2024-05-04 20:49:04','2024-05-04 20:49:04'),(15,9,100,'Букет \"Квітковий бал\"',3,'2024-05-04 20:49:04','2024-05-04 20:49:04'),(16,9,101,'Букет з гіацинтів \"Небесний\"',1,'2024-05-04 20:49:04','2024-05-04 20:49:04'),(17,9,104,'Букет \"Погляд коханої\"',1,'2024-05-04 20:49:04','2024-05-04 20:49:04'),(18,10,100,'Букет \"Квітковий бал\"',1,'2024-05-04 21:01:02','2024-05-04 21:01:02'),(19,10,101,'Букет з гіацинтів \"Небесний\"',1,'2024-05-04 21:01:02','2024-05-04 21:01:02'),(20,11,100,'Букет \"Квітковий бал\"',1,'2024-05-04 21:06:39','2024-05-04 21:06:39'),(21,11,101,'Букет з гіацинтів \"Небесний\"',1,'2024-05-04 21:06:39','2024-05-04 21:06:39'),(22,12,103,'Букет із ранункулюсів \"Ніжна карамель\"',1,'2024-05-04 21:07:49','2024-05-04 21:07:49'),(23,12,104,'Букет \"Погляд коханої\"',1,'2024-05-04 21:07:49','2024-05-04 21:07:49'),(24,12,107,'Букет з 15 хризантем \"Чарівність\"',1,'2024-05-04 21:07:49','2024-05-04 21:07:49'),(25,13,103,'Букет із ранункулюсів \"Ніжна карамель\"',1,'2024-05-05 09:17:19','2024-05-05 09:17:19'),(26,13,104,'Букет \"Погляд коханої\"',1,'2024-05-05 09:17:19','2024-05-05 09:17:19'),(27,13,100,'Букет \"Квітковий бал\"',8,'2024-05-05 09:17:19','2024-05-05 09:17:19'),(28,13,101,'Букет з гіацинтів \"Небесний\"',7,'2024-05-05 09:17:19','2024-05-05 09:17:19'),(29,14,106,'Букет з гіпсофіли \"Веселка емоцій\"',1,'2024-05-05 09:50:55','2024-05-05 09:50:55'),(30,14,105,'Букет з гіпсофіли \"Полуничний зефір\"',1,'2024-05-05 09:50:55','2024-05-05 09:50:55'),(31,14,101,'Букет з гіацинтів \"Небесний\"',4,'2024-05-05 09:50:55','2024-05-05 09:50:55'),(32,14,104,'Букет \"Погляд коханої\"',2,'2024-05-05 09:50:55','2024-05-05 09:50:55'),(33,15,100,'Букет \"Квітковий бал\"',1,'2024-05-05 10:09:15','2024-05-05 10:09:15'),(34,16,100,'Букет \"Квітковий бал\"',1,'2024-05-05 10:10:09','2024-05-05 10:10:09'),(35,18,101,'Букет з гіацинтів \"Небесний\"',1,'2024-05-05 10:38:44','2024-05-05 10:38:44'),(36,19,100,'Букет \"Квітковий бал\"',2,'2024-05-05 10:47:24','2024-05-05 10:47:24'),(37,20,101,'Букет з гіацинтів \"Небесний\"',1,'2024-05-05 10:55:55','2024-05-05 10:55:55'),(38,21,100,'Букет \"Квітковий бал\"',1,'2024-05-05 10:56:39','2024-05-05 10:56:39'),(39,22,103,'Букет із ранункулюсів \"Ніжна карамель\"',1,'2024-05-05 10:58:44','2024-05-05 10:58:44'),(40,23,101,'Букет з гіацинтів \"Небесний\"',1,'2024-05-05 11:09:15','2024-05-05 11:09:15'),(41,24,101,'Букет з гіацинтів \"Небесний\"',1,'2024-05-05 11:09:16','2024-05-05 11:09:16'),(42,25,100,'Букет \"Квітковий бал\"',1,'2024-05-05 11:10:40','2024-05-05 11:10:40'),(43,26,100,'Букет \"Квітковий бал\"',1,'2024-05-05 11:12:21','2024-05-05 11:12:21'),(44,27,101,'Букет з гіацинтів \"Небесний\"',1,'2024-05-05 11:13:04','2024-05-05 11:13:04'),(45,27,100,'Букет \"Квітковий бал\"',1,'2024-05-05 11:13:04','2024-05-05 11:13:04'),(46,28,103,'Букет із ранункулюсів \"Ніжна карамель\"',1,'2024-05-05 11:13:52','2024-05-05 11:13:52'),(47,28,104,'Букет \"Погляд коханої\"',1,'2024-05-05 11:13:52','2024-05-05 11:13:52'),(48,28,101,'Букет з гіацинтів \"Небесний\"',1,'2024-05-05 11:13:52','2024-05-05 11:13:52'),(49,29,101,'Букет з гіацинтів \"Небесний\"',1,'2024-05-05 11:15:01','2024-05-05 11:15:01'),(50,30,101,'Букет з гіацинтів \"Небесний\"',1,'2024-05-05 11:15:45','2024-05-05 11:15:45'),(51,31,103,'Букет із ранункулюсів \"Ніжна карамель\"',1,'2024-05-05 11:49:07','2024-05-05 11:49:07'),(52,31,104,'Букет \"Погляд коханої\"',1,'2024-05-05 11:49:07','2024-05-05 11:49:07'),(53,31,100,'Букет \"Квітковий бал\"',1,'2024-05-05 11:49:07','2024-05-05 11:49:07'),(54,31,101,'Букет з гіацинтів \"Небесний\"',2,'2024-05-05 11:49:07','2024-05-05 11:49:07'),(55,32,103,'Букет із ранункулюсів \"Ніжна карамель\"',1,'2024-05-05 11:50:37','2024-05-05 11:50:37'),(56,32,104,'Букет \"Погляд коханої\"',1,'2024-05-05 11:50:37','2024-05-05 11:50:37'),(57,33,107,'Букет з 15 хризантем \"Чарівність\"',1,'2024-05-05 11:57:02','2024-05-05 11:57:02'),(58,33,109,'Букет з гортензій \"Блакитне небо\"',1,'2024-05-05 11:57:02','2024-05-05 11:57:02'),(59,34,100,'Букет \"Квітковий бал\"',1,'2024-05-05 20:44:27','2024-05-05 20:44:27'),(60,35,100,'Букет \"Квітковий бал\"',1,'2024-05-05 20:44:43','2024-05-05 20:44:43'),(61,36,100,'Букет \"Квітковий бал\"',1,'2024-05-05 20:45:30','2024-05-05 20:45:30'),(62,37,100,'Букет \"Квітковий бал\"',1,'2024-05-05 20:53:12','2024-05-05 20:53:12'),(63,38,100,'Букет \"Квітковий бал\"',1,'2024-05-05 20:54:03','2024-05-05 20:54:03'),(64,39,100,'Букет \"Квітковий бал\"',1,'2024-05-05 21:00:13','2024-05-05 21:00:13'),(65,40,101,'Букет з гіацинтів \"Небесний\"',1,'2024-05-05 21:05:00','2024-05-05 21:05:00'),(66,41,101,'Букет з гіацинтів \"Небесний\"',1,'2024-05-05 21:05:13','2024-05-05 21:05:13'),(67,42,101,'Букет з гіацинтів \"Небесний\"',1,'2024-05-05 21:05:30','2024-05-05 21:05:30'),(68,43,101,'Букет з гіацинтів \"Небесний\"',1,'2024-05-05 21:06:34','2024-05-05 21:06:34'),(69,44,101,'Букет з гіацинтів \"Небесний\"',1,'2024-05-05 21:06:45','2024-05-05 21:06:45'),(70,45,101,'Букет з гіацинтів \"Небесний\"',1,'2024-05-05 21:07:09','2024-05-05 21:07:09'),(71,46,101,'Букет з гіацинтів \"Небесний\"',1,'2024-05-05 21:08:14','2024-05-05 21:08:14'),(72,47,101,'Букет з гіацинтів \"Небесний\"',1,'2024-05-05 21:09:44','2024-05-05 21:09:44'),(73,48,101,'Букет з гіацинтів \"Небесний\"',1,'2024-05-05 21:13:41','2024-05-05 21:13:41'),(74,49,101,'Букет з гіацинтів \"Небесний\"',1,'2024-05-05 21:13:55','2024-05-05 21:13:55'),(75,50,101,'Букет з гіацинтів \"Небесний\"',1,'2024-05-05 21:14:46','2024-05-05 21:14:46'),(76,51,101,'Букет з гіацинтів \"Небесний\"',1,'2024-05-05 21:15:19','2024-05-05 21:15:19'),(77,52,101,'Букет з гіацинтів \"Небесний\"',1,'2024-05-05 21:16:15','2024-05-05 21:16:15'),(78,53,101,'Букет з гіацинтів \"Небесний\"',1,'2024-05-05 21:16:26','2024-05-05 21:16:26'),(79,54,101,'Букет з гіацинтів \"Небесний\"',1,'2024-05-05 21:17:09','2024-05-05 21:17:09'),(80,55,101,'Букет з гіацинтів \"Небесний\"',1,'2024-05-05 21:17:52','2024-05-05 21:17:52'),(81,56,101,'Букет з гіацинтів \"Небесний\"',1,'2024-05-05 21:18:46','2024-05-05 21:18:46'),(82,57,101,'Букет з гіацинтів \"Небесний\"',1,'2024-05-05 21:19:05','2024-05-05 21:19:05'),(83,58,101,'Букет з гіацинтів \"Небесний\"',1,'2024-05-05 21:19:30','2024-05-05 21:19:30');
/*!40000 ALTER TABLE `order_products` ENABLE KEYS */;
UNLOCK TABLES;

--
-- Table structure for table `orders`
--

DROP TABLE IF EXISTS `orders`;
/*!40101 SET @saved_cs_client     = @@character_set_client */;
/*!50503 SET character_set_client = utf8mb4 */;
CREATE TABLE `orders` (
  `id` bigint unsigned NOT NULL AUTO_INCREMENT,
  `user_id` bigint unsigned DEFAULT NULL,
  `email` varchar(255) CHARACTER SET utf8mb4 COLLATE utf8mb4_unicode_ci NOT NULL,
  `anonymously` varchar(255) CHARACTER SET utf8mb4 COLLATE utf8mb4_unicode_ci NOT NULL DEFAULT '0',
  `customer_name` varchar(255) CHARACTER SET utf8mb4 COLLATE utf8mb4_unicode_ci NOT NULL,
  `customer_phone` varchar(255) CHARACTER SET utf8mb4 COLLATE utf8mb4_unicode_ci NOT NULL,
  `recipient_name` varchar(255) CHARACTER SET utf8mb4 COLLATE utf8mb4_unicode_ci NOT NULL,
  `recipient_phone` varchar(255) CHARACTER SET utf8mb4 COLLATE utf8mb4_unicode_ci NOT NULL,
  `delivery_option` enum('courier','self') CHARACTER SET utf8mb4 COLLATE utf8mb4_unicode_ci NOT NULL,
  `text_postcard` varchar(255) CHARACTER SET utf8mb4 COLLATE utf8mb4_unicode_ci DEFAULT NULL,
  `delivery_address` varchar(255) CHARACTER SET utf8mb4 COLLATE utf8mb4_unicode_ci NOT NULL,
  `delivery_date` date NOT NULL,
  `delivery_time` varchar(255) CHARACTER SET utf8mb4 COLLATE utf8mb4_unicode_ci DEFAULT NULL,
  `payment_method` enum('cash','bank') CHARACTER SET utf8mb4 COLLATE utf8mb4_unicode_ci NOT NULL,
  `is_paid` tinyint(1) NOT NULL DEFAULT '0',
  `amount` decimal(8,2) NOT NULL,
  `pay_with_bonus` decimal(8,2) DEFAULT NULL,
  `status` enum('received','progress','awaiting','executed','decline') COLLATE utf8mb4_unicode_ci NOT NULL DEFAULT 'received',
  `comment` varchar(255) CHARACTER SET utf8mb4 COLLATE utf8mb4_unicode_ci DEFAULT NULL,
  `created_at` timestamp NULL DEFAULT NULL,
  `updated_at` timestamp NULL DEFAULT NULL,
  `call` varchar(255) CHARACTER SET utf8mb4 COLLATE utf8mb4_unicode_ci NOT NULL DEFAULT '0',
  PRIMARY KEY (`id`)
) ENGINE=InnoDB AUTO_INCREMENT=59 DEFAULT CHARSET=utf8mb4 COLLATE=utf8mb4_unicode_ci;
/*!40101 SET character_set_client = @saved_cs_client */;

--
-- Dumping data for table `orders`
--

LOCK TABLES `orders` WRITE;
/*!40000 ALTER TABLE `orders` DISABLE KEYS */;
INSERT INTO `orders` VALUES (1,NULL,'','0','Вася ','0998888765','Петя','0997776655','self',NULL,'','2024-04-11',NULL,'cash',0,0.00,NULL,'progress',NULL,'2024-04-06 10:36:40','2024-04-07 16:45:11','0'),(2,NULL,'','0','Василиса','0998887766','Василиса','0998887755','self',NULL,'','2024-04-09',NULL,'bank',0,0.00,NULL,'executed',NULL,'2024-04-07 10:36:42','2024-04-07 07:46:21','0'),(5,6245,'foxcreatorg@gmail.com','0','Севастьян','0935464969','Севастьян','0935464969','courier',NULL,'Днепр, Шолохова 5, 101','2024-04-12','15:00 - 18:00','cash',0,1350.00,NULL,'received',NULL,'2024-04-28 13:51:35','2024-04-28 13:51:35','0'),(6,6245,'foxcreatorg@gmail.com','0','Севастьян','0935464969','Севастьян','0935464969','self',NULL,',  , ','2024-01-01','9:00 - 12:00','cash',0,4100.00,NULL,'executed',NULL,'2024-04-28 14:03:37','2024-05-03 10:09:02','0'),(7,6245,'foxcreatorg@gmail.com','0','Вася','0935464969','Вася','0935464969','self',NULL,',  , ','2024-01-01','9:00 - 12:00','bank',0,11750.00,NULL,'decline',NULL,'2024-04-28 17:30:40','2024-05-03 10:16:33','0'),(8,NULL,'test@mail.com','0','Светлана','0998887766','Светлана','0998887766','self',NULL,',  , ','2024-01-01','9:00 - 12:00','cash',0,2600.00,100.00,'received',NULL,'2024-05-04 18:13:22','2024-05-04 18:13:22','0'),(9,NULL,'email.saw@gmail.com','0','Вася Пупкин','0995346787','Маня','0667654890','courier',NULL,'Днепр, Короленко 34, 12','2024-05-16','15:00 - 18:00','cash',0,10050.00,NULL,'received',NULL,'2024-05-04 20:49:04','2024-05-04 20:49:04','0'),(10,NULL,'foxcreatorg@gmail.com','0','Sevastian','0935464969','Sevastian','0935464969','self',NULL,',  , ','2024-01-01','9:00 - 12:00','cash',0,2750.00,NULL,'received',NULL,'2024-05-04 21:01:02','2024-05-04 21:01:02','0'),(11,NULL,'foxcreatorg@gmail.com','0','Sevastian','0935464969','Sevastian','0935464969','self',NULL,',  , ','2024-01-01','9:00 - 12:00','cash',0,2750.00,NULL,'received',NULL,'2024-05-04 21:06:39','2024-05-04 21:06:39','0'),(12,6245,'foxcreatorg@gmail.com','0','Sevastian','0935464969','Sevastian','0935464969','courier',NULL,',  , ','2024-01-01','9:00 - 12:00','cash',0,3700.00,NULL,'received',NULL,'2024-05-04 21:07:49','2024-05-04 21:07:49','0'),(13,6245,'foxcreatorg@gmail.com','0','Sevastian','0935464969','Sevastian','0935464969','self',NULL,',  , ','2024-01-01','9:00 - 12:00','cash',0,23500.00,NULL,'executed',NULL,'2024-05-05 09:17:19','2024-05-05 09:17:37','0'),(14,6245,'foxcreatorg@gmail.com','0','Sevastian','0935464969','Sevastian','0935464969','courier',NULL,',  , ','2024-01-01','9:00 - 12:00','cash',0,9022.00,500.00,'received',NULL,'2024-05-05 09:50:55','2024-05-05 09:50:55','0'),(15,6245,'foxcreatorg@gmail.com','0','Sevastian','0935464969','Sevastian','0935464969','self',NULL,',  , ','2024-01-01','9:00 - 12:00','cash',0,1350.00,NULL,'received',NULL,'2024-05-05 10:09:15','2024-05-05 10:09:15','0'),(16,6245,'foxcreatorg@gmail.com','0','Sevastian','0935464969','Sevastian','0935464969','self',NULL,',  , ','2024-01-01','9:00 - 12:00','cash',0,1350.00,NULL,'received',NULL,'2024-05-05 10:10:09','2024-05-05 10:10:09','0'),(17,6245,'foxcreatorg@gmail.com','0','Sevastian','0935464969','Sevastian','0935464969','self',NULL,',  , ','2024-01-01','9:00 - 12:00','cash',1,0.00,NULL,'received',NULL,'2024-05-05 10:12:26','2024-05-05 10:12:26','0'),(18,6245,'foxcreatorg@gmail.com','0','Sevastian','0935464969','Sevastian','0935464969','courier',NULL,',  , ','2024-01-01','9:00 - 12:00','cash',0,1400.00,NULL,'received',NULL,'2024-05-05 10:38:44','2024-05-05 10:38:44','0'),(19,6245,'foxcreatorg@gmail.com','0','Sevastian','0935464969','Sevastian','0935464969','self',NULL,',  , ','2024-01-01','9:00 - 12:00','cash',0,2700.00,NULL,'received',NULL,'2024-05-05 10:47:24','2024-05-05 10:47:24','0'),(20,6245,'foxcreatorg@gmail.com','0','Sevastian','0935464969','Sevastian','0935464969','courier',NULL,',  , ','2024-01-01','9:00 - 12:00','cash',0,1400.00,NULL,'received',NULL,'2024-05-05 10:55:55','2024-05-05 10:55:55','0'),(21,6245,'foxcreatorg@gmail.com','0','Sevastian','0935464969','Sevastian','0935464969','courier',NULL,',  , ','2024-01-01','9:00 - 12:00','cash',0,1350.00,NULL,'received',NULL,'2024-05-05 10:56:39','2024-05-05 10:56:39','0'),(22,6245,'foxcreatorg@gmail.com','0','Sevastian','0935464969','Sevastian','0935464969','courier',NULL,',  , ','2024-01-01','9:00 - 12:00','cash',0,1700.00,NULL,'received',NULL,'2024-05-05 10:58:44','2024-05-05 10:58:44','0'),(23,6245,'foxcreatorg@gmail.com','0','Sevastian','0935464969','Sevastian','0935464969','courier',NULL,',  , ','2024-01-01','9:00 - 12:00','cash',0,1400.00,NULL,'received',NULL,'2024-05-05 11:09:15','2024-05-05 11:09:15','0'),(24,6245,'foxcreatorg@gmail.com','0','Sevastian','0935464969','Sevastian','0935464969','courier',NULL,',  , ','2024-01-01','9:00 - 12:00','cash',0,1400.00,NULL,'received',NULL,'2024-05-05 11:09:16','2024-05-05 11:09:16','0'),(25,6245,'foxcreatorg@gmail.com','0','Sevastian','0935464969','Sevastian','0935464969','courier',NULL,',  , ','2024-01-01','9:00 - 12:00','cash',0,1350.00,NULL,'received',NULL,'2024-05-05 11:10:40','2024-05-05 11:10:40','0'),(26,6245,'foxcreatorg@gmail.com','0','Sevastian','0935464969','Sevastian','0935464969','courier',NULL,',  , ','2024-01-01','9:00 - 12:00','cash',0,1350.00,NULL,'received',NULL,'2024-05-05 11:12:21','2024-05-05 11:12:21','0'),(27,6245,'foxcreatorg@gmail.com','0','Sevastian','0935464969','Sevastian','0935464969','courier',NULL,',  , ','2024-01-01','9:00 - 12:00','cash',0,2750.00,NULL,'received',NULL,'2024-05-05 11:13:04','2024-05-05 11:13:04','0'),(28,6245,'foxcreatorg@gmail.com','0','Sevastian','0935464969','Sevastian','0935464969','courier',NULL,',  , ','2024-01-01','9:00 - 12:00','cash',0,4300.00,NULL,'received',NULL,'2024-05-05 11:13:52','2024-05-05 11:13:52','0'),(29,6245,'foxcreatorg@gmail.com','0','Sevastian','0935464969','Sevastian','0935464969','self',NULL,',  , ','2024-01-01','9:00 - 12:00','cash',0,1400.00,NULL,'received',NULL,'2024-05-05 11:15:01','2024-05-05 11:15:01','0'),(30,6245,'foxcreatorg@gmail.com','0','Sevastian','0935464969','Sevastian','0935464969','self',NULL,',  , ','2024-01-01','9:00 - 12:00','cash',0,1400.00,NULL,'received',NULL,'2024-05-05 11:15:45','2024-05-05 11:15:45','0'),(31,6245,'kurilekh.k.a@gmail.com','0','Sevastian','0935464969','Sevastian','0935464969','courier',NULL,'Dnipro, Korolenko 23, 890','2024-05-10','15:00 - 18:00','cash',0,7050.00,NULL,'received',NULL,'2024-05-05 11:49:07','2024-05-05 11:49:07','0'),(32,6245,'kurilekh.k.a@gmail.com','0','Sevastian','0935464969','Sevastian','0935464969','self',NULL,',  , ','2024-01-01','9:00 - 12:00','cash',0,2900.00,NULL,'received',NULL,'2024-05-05 11:50:37','2024-05-05 11:50:37','0'),(33,6245,'kurilekh.k.a@gmail.com','0','Sevastian','0935464969','Sevastian','0935464969','self',NULL,',  , ','2024-01-01','9:00 - 12:00','cash',0,812.00,NULL,'received',NULL,'2024-05-05 11:57:02','2024-05-05 11:57:02','0'),(34,6245,'foxcreatorg@gmail.com','0','Sevastian','0935464969','Sevastian','0935464969','self',NULL,',  , ','2024-01-01','9:00 - 12:00','cash',0,1350.00,NULL,'received',NULL,'2024-05-05 20:44:27','2024-05-05 20:44:27','0'),(35,6245,'foxcreatorg@gmail.com','0','Sevastian','0935464969','Sevastian','0935464969','self',NULL,',  , ','2024-01-01','9:00 - 12:00','cash',0,1350.00,NULL,'received',NULL,'2024-05-05 20:44:43','2024-05-05 20:44:43','0'),(36,6245,'foxcreatorg@gmail.com','0','Sevastian','0935464969','Sevastian','0935464969','self',NULL,',  , ','2024-01-01','9:00 - 12:00','cash',0,1350.00,NULL,'received',NULL,'2024-05-05 20:45:30','2024-05-05 20:45:30','0'),(37,6245,'foxcreatorg@gmail.com','0','Sevastian','0935464969','Sevastian','0935464969','self',NULL,',  , ','2024-01-01','9:00 - 12:00','cash',0,1350.00,NULL,'received',NULL,'2024-05-05 20:53:12','2024-05-05 20:53:12','0'),(38,6245,'foxcreatorg@gmail.com','0','Sevastian','0935464969','Sevastian','0935464969','self',NULL,',  , ','2024-01-01','9:00 - 12:00','cash',0,1350.00,NULL,'received',NULL,'2024-05-05 20:54:03','2024-05-05 20:54:03','0'),(39,6245,'foxcreatorg@gmail.com','0','Sevastian','0935464969','Sevastian','0935464969','self',NULL,',  , ','2024-01-01','9:00 - 12:00','cash',0,1350.00,NULL,'received',NULL,'2024-05-05 21:00:13','2024-05-05 21:00:13','0'),(40,6245,'foxcreatorg@gmail.com','0','Sevastian','0935464969','Sevastian','0935464969','self',NULL,',  , ','2024-01-01','9:00 - 12:00','cash',0,1400.00,NULL,'received',NULL,'2024-05-05 21:05:00','2024-05-05 21:05:00','0'),(41,6245,'foxcreatorg@gmail.com','0','Sevastian','0935464969','Sevastian','0935464969','self',NULL,',  , ','2024-01-01','9:00 - 12:00','cash',0,1400.00,NULL,'received',NULL,'2024-05-05 21:05:13','2024-05-05 21:05:13','0'),(42,6245,'foxcreatorg@gmail.com','0','Sevastian','0935464969','Sevastian','0935464969','self',NULL,',  , ','2024-01-01','9:00 - 12:00','cash',0,1400.00,NULL,'received',NULL,'2024-05-05 21:05:30','2024-05-05 21:05:30','0'),(43,6245,'foxcreatorg@gmail.com','0','Sevastian','0935464969','Sevastian','0935464969','self',NULL,',  , ','2024-01-01','9:00 - 12:00','cash',0,1400.00,NULL,'received',NULL,'2024-05-05 21:06:34','2024-05-05 21:06:34','0'),(44,6245,'foxcreatorg@gmail.com','0','Sevastian','0935464969','Sevastian','0935464969','self',NULL,',  , ','2024-01-01','9:00 - 12:00','cash',0,1400.00,NULL,'received',NULL,'2024-05-05 21:06:45','2024-05-05 21:06:45','0'),(45,6245,'foxcreatorg@gmail.com','0','Sevastian','0935464969','Sevastian','0935464969','self',NULL,',  , ','2024-01-01','9:00 - 12:00','cash',0,1400.00,NULL,'received',NULL,'2024-05-05 21:07:09','2024-05-05 21:07:09','0'),(46,6245,'foxcreatorg@gmail.com','0','Sevastian','0935464969','Sevastian','0935464969','self',NULL,',  , ','2024-01-01','9:00 - 12:00','cash',0,1400.00,NULL,'received',NULL,'2024-05-05 21:08:14','2024-05-05 21:08:14','0'),(47,6245,'foxcreatorg@gmail.com','0','Sevastian','0935464969','Sevastian','0935464969','self',NULL,',  , ','2024-01-01','9:00 - 12:00','cash',0,1400.00,NULL,'received',NULL,'2024-05-05 21:09:44','2024-05-05 21:09:44','0'),(48,6245,'foxcreatorg@gmail.com','0','Sevastian','0935464969','Sevastian','0935464969','self',NULL,',  , ','2024-01-01','9:00 - 12:00','cash',0,1400.00,NULL,'received',NULL,'2024-05-05 21:13:41','2024-05-05 21:13:41','0'),(49,6245,'foxcreatorg@gmail.com','0','Sevastian','0935464969','Sevastian','0935464969','self',NULL,',  , ','2024-01-01','9:00 - 12:00','cash',0,1400.00,NULL,'received',NULL,'2024-05-05 21:13:55','2024-05-05 21:13:55','0'),(50,6245,'foxcreatorg@gmail.com','0','Sevastian','0935464969','Sevastian','0935464969','self',NULL,',  , ','2024-01-01','9:00 - 12:00','cash',0,1400.00,NULL,'received',NULL,'2024-05-05 21:14:46','2024-05-05 21:14:46','0'),(51,6245,'foxcreatorg@gmail.com','0','Sevastian','0935464969','Sevastian','0935464969','self',NULL,',  , ','2024-01-01','9:00 - 12:00','cash',0,1400.00,NULL,'received',NULL,'2024-05-05 21:15:19','2024-05-05 21:15:19','0'),(52,6245,'foxcreatorg@gmail.com','0','Sevastian','0935464969','Sevastian','0935464969','self',NULL,',  , ','2024-01-01','9:00 - 12:00','cash',0,1400.00,NULL,'received',NULL,'2024-05-05 21:16:15','2024-05-05 21:16:15','0'),(53,6245,'foxcreatorg@gmail.com','0','Sevastian','0935464969','Sevastian','0935464969','self',NULL,',  , ','2024-01-01','9:00 - 12:00','cash',0,1400.00,NULL,'received',NULL,'2024-05-05 21:16:26','2024-05-05 21:16:26','0'),(54,6245,'foxcreatorg@gmail.com','0','Sevastian','0935464969','Sevastian','0935464969','self',NULL,',  , ','2024-01-01','9:00 - 12:00','cash',0,1400.00,NULL,'received',NULL,'2024-05-05 21:17:09','2024-05-05 21:17:09','0'),(55,6245,'foxcreatorg@gmail.com','0','Sevastian','0935464969','Sevastian','0935464969','self',NULL,',  , ','2024-01-01','9:00 - 12:00','cash',0,1400.00,NULL,'received',NULL,'2024-05-05 21:17:52','2024-05-05 21:17:52','0'),(56,6245,'foxcreatorg@gmail.com','0','Sevastian','0935464969','Sevastian','0935464969','self',NULL,',  , ','2024-01-01','9:00 - 12:00','cash',0,1400.00,NULL,'received',NULL,'2024-05-05 21:18:46','2024-05-05 21:18:46','0'),(57,6245,'foxcreatorg@gmail.com','0','Sevastian','0935464969','Sevastian','0935464969','self',NULL,',  , ','2024-01-01','9:00 - 12:00','cash',0,1400.00,NULL,'received',NULL,'2024-05-05 21:19:05','2024-05-05 21:19:05','0'),(58,6245,'foxcreatorg@gmail.com','0','Sevastian','0935464969','Sevastian','0935464969','self',NULL,',  , ','2024-01-01','9:00 - 12:00','cash',0,1400.00,NULL,'executed',NULL,'2024-05-05 21:19:30','2024-05-06 21:58:23','0');
/*!40000 ALTER TABLE `orders` ENABLE KEYS */;
UNLOCK TABLES;

--
-- Table structure for table `password_reset_tokens`
--

DROP TABLE IF EXISTS `password_reset_tokens`;
/*!40101 SET @saved_cs_client     = @@character_set_client */;
/*!50503 SET character_set_client = utf8mb4 */;
CREATE TABLE `password_reset_tokens` (
  `email` varchar(255) CHARACTER SET utf8mb4 COLLATE utf8mb4_unicode_ci NOT NULL,
  `token` varchar(255) CHARACTER SET utf8mb4 COLLATE utf8mb4_unicode_ci NOT NULL,
  `created_at` timestamp NULL DEFAULT NULL,
  PRIMARY KEY (`email`)
) ENGINE=InnoDB DEFAULT CHARSET=utf8mb4 COLLATE=utf8mb4_unicode_ci;
/*!40101 SET character_set_client = @saved_cs_client */;

--
-- Dumping data for table `password_reset_tokens`
--

LOCK TABLES `password_reset_tokens` WRITE;
/*!40000 ALTER TABLE `password_reset_tokens` DISABLE KEYS */;
INSERT INTO `password_reset_tokens` VALUES ('foxcreatorg@gmail.com','$2y$12$4Jci0k2aSgBtlO6xnpMtVer4kBKaJp28LTo96mIc9GS47PBPzq5Ye','2024-04-28 17:35:41');
/*!40000 ALTER TABLE `password_reset_tokens` ENABLE KEYS */;
UNLOCK TABLES;

--
-- Table structure for table `personal_access_tokens`
--

DROP TABLE IF EXISTS `personal_access_tokens`;
/*!40101 SET @saved_cs_client     = @@character_set_client */;
/*!50503 SET character_set_client = utf8mb4 */;
CREATE TABLE `personal_access_tokens` (
  `id` bigint unsigned NOT NULL AUTO_INCREMENT,
  `tokenable_type` varchar(255) CHARACTER SET utf8mb4 COLLATE utf8mb4_unicode_ci NOT NULL,
  `tokenable_id` bigint unsigned NOT NULL,
  `name` varchar(255) CHARACTER SET utf8mb4 COLLATE utf8mb4_unicode_ci NOT NULL,
  `token` varchar(64) CHARACTER SET utf8mb4 COLLATE utf8mb4_unicode_ci NOT NULL,
  `abilities` text CHARACTER SET utf8mb4 COLLATE utf8mb4_unicode_ci,
  `last_used_at` timestamp NULL DEFAULT NULL,
  `expires_at` timestamp NULL DEFAULT NULL,
  `created_at` timestamp NULL DEFAULT NULL,
  `updated_at` timestamp NULL DEFAULT NULL,
  PRIMARY KEY (`id`),
  UNIQUE KEY `personal_access_tokens_token_unique` (`token`),
  KEY `personal_access_tokens_tokenable_type_tokenable_id_index` (`tokenable_type`,`tokenable_id`)
) ENGINE=InnoDB DEFAULT CHARSET=utf8mb4 COLLATE=utf8mb4_unicode_ci;
/*!40101 SET character_set_client = @saved_cs_client */;

--
-- Dumping data for table `personal_access_tokens`
--

LOCK TABLES `personal_access_tokens` WRITE;
/*!40000 ALTER TABLE `personal_access_tokens` DISABLE KEYS */;
/*!40000 ALTER TABLE `personal_access_tokens` ENABLE KEYS */;
UNLOCK TABLES;

--
-- Table structure for table `product_photos`
--

DROP TABLE IF EXISTS `product_photos`;
/*!40101 SET @saved_cs_client     = @@character_set_client */;
/*!50503 SET character_set_client = utf8mb4 */;
CREATE TABLE `product_photos` (
  `id` bigint unsigned NOT NULL AUTO_INCREMENT,
  `product_id` bigint unsigned NOT NULL,
  `order` int NOT NULL,
  `file_name` varchar(255) CHARACTER SET utf8mb4 COLLATE utf8mb4_unicode_ci NOT NULL,
  `created_at` timestamp NULL DEFAULT NULL,
  `updated_at` timestamp NULL DEFAULT NULL,
  PRIMARY KEY (`id`),
  UNIQUE KEY `product_photos_file_name_unique` (`file_name`),
  KEY `product_photos_product_id_index` (`product_id`),
  CONSTRAINT `product_photos_product_id_foreign` FOREIGN KEY (`product_id`) REFERENCES `products` (`id`) ON DELETE CASCADE
) ENGINE=InnoDB AUTO_INCREMENT=26 DEFAULT CHARSET=utf8mb4 COLLATE=utf8mb4_unicode_ci;
/*!40101 SET character_set_client = @saved_cs_client */;

--
-- Dumping data for table `product_photos`
--

LOCK TABLES `product_photos` WRITE;
/*!40000 ALTER TABLE `product_photos` DISABLE KEYS */;
INSERT INTO `product_photos` VALUES (6,101,1,'public/9cP8rQDBStZmWwcR_1712434512.jpg','2024-04-06 20:15:12','2024-04-06 20:15:12'),(7,103,1,'public/rE86T7cYGBrp1zdC_1712474445.jpg','2024-04-07 07:20:45','2024-04-07 07:20:45'),(8,104,1,'public/4GkUDl7D8Q9VidQj_1712508566.png','2024-04-07 16:49:26','2024-04-07 16:49:26'),(9,104,2,'public/ueEyH2KwrIt4unuM_1712508566.png','2024-04-07 16:49:26','2024-04-07 16:49:26'),(10,104,3,'public/aOVQoE4FbtZre5UQ_1712508566.png','2024-04-07 16:49:26','2024-04-07 16:49:26'),(11,104,4,'public/fgfaun00Q7JHuMSl_1712508566.png','2024-04-07 16:49:26','2024-04-07 16:49:26'),(12,104,5,'public/GQQi3si2Rom7qHir_1712508566.jpg','2024-04-07 16:49:26','2024-04-07 16:49:26'),(13,104,6,'public/Y8S6byg6Irf8naU9_1712508566.png','2024-04-07 16:49:26','2024-04-07 16:49:26'),(14,104,7,'public/kfmUjWKsQwRAxSdD_1712508566.png','2024-04-07 16:49:26','2024-04-07 16:49:26'),(15,104,8,'public/o3QlLcMkbOrcn21R_1712508566.png','2024-04-07 16:49:26','2024-04-07 16:49:26'),(16,104,9,'public/jwn9khQvmsn6H3Kw_1712508566.png','2024-04-07 16:49:26','2024-04-07 16:49:26'),(17,104,10,'public/wsetfB3IKJAziLCJ_1712508566.jpg','2024-04-07 16:49:26','2024-04-07 16:49:26'),(18,104,11,'public/NPd4cuyRYIRX9T9S_1712508566.jpg','2024-04-07 16:49:26','2024-04-07 16:49:26'),(22,103,2,'public/TnfhoKG0p9Fwd1y8_1712585430.png','2024-04-08 14:10:30','2024-04-08 14:10:30'),(23,100,7,'public/ZnmZSAIMWhTUstGn_1713511654.png','2024-04-19 07:27:34','2024-04-19 07:27:34'),(24,100,8,'public/aIqmgm6frqAk0YXe_1713511654.png','2024-04-19 07:27:35','2024-04-19 07:27:35'),(25,100,9,'public/9Z2foUTIcxOrbST4_1713511655.png','2024-04-19 07:27:35','2024-04-19 07:27:35');
/*!40000 ALTER TABLE `product_photos` ENABLE KEYS */;
UNLOCK TABLES;

--
-- Table structure for table `product_subject`
--

DROP TABLE IF EXISTS `product_subject`;
/*!40101 SET @saved_cs_client     = @@character_set_client */;
/*!50503 SET character_set_client = utf8mb4 */;
CREATE TABLE `product_subject` (
  `id` bigint unsigned NOT NULL AUTO_INCREMENT,
  `product_id` bigint unsigned DEFAULT NULL,
  `subject_id` bigint unsigned DEFAULT NULL,
  `created_at` timestamp NULL DEFAULT NULL,
  `updated_at` timestamp NULL DEFAULT NULL,
  PRIMARY KEY (`id`),
  KEY `product_subject_product_id_foreign` (`product_id`),
  KEY `product_subject_subject_id_foreign` (`subject_id`),
  CONSTRAINT `product_subject_product_id_foreign` FOREIGN KEY (`product_id`) REFERENCES `products` (`id`) ON DELETE SET NULL,
  CONSTRAINT `product_subject_subject_id_foreign` FOREIGN KEY (`subject_id`) REFERENCES `subjects` (`id`) ON DELETE SET NULL
) ENGINE=InnoDB AUTO_INCREMENT=17 DEFAULT CHARSET=utf8mb4 COLLATE=utf8mb4_unicode_ci;
/*!40101 SET character_set_client = @saved_cs_client */;

--
-- Dumping data for table `product_subject`
--

LOCK TABLES `product_subject` WRITE;
/*!40000 ALTER TABLE `product_subject` DISABLE KEYS */;
INSERT INTO `product_subject` VALUES (1,108,2,NULL,NULL),(5,109,1,NULL,NULL),(6,109,2,NULL,NULL),(7,100,2,NULL,NULL),(8,100,2,NULL,NULL),(9,108,2,NULL,NULL),(10,109,1,NULL,NULL),(11,109,2,NULL,NULL),(12,100,2,NULL,NULL),(13,108,2,NULL,NULL),(14,108,2,NULL,NULL),(15,109,1,NULL,NULL),(16,109,2,NULL,NULL);
/*!40000 ALTER TABLE `product_subject` ENABLE KEYS */;
UNLOCK TABLES;

--
-- Table structure for table `products`
--

DROP TABLE IF EXISTS `products`;
/*!40101 SET @saved_cs_client     = @@character_set_client */;
/*!50503 SET character_set_client = utf8mb4 */;
CREATE TABLE `products` (
  `id` bigint unsigned NOT NULL AUTO_INCREMENT,
  `category_id` bigint unsigned DEFAULT NULL,
  `title_uk` varchar(255) CHARACTER SET utf8mb4 COLLATE utf8mb4_unicode_ci NOT NULL,
  `title_ru` varchar(255) CHARACTER SET utf8mb4 COLLATE utf8mb4_unicode_ci DEFAULT NULL,
  `price` decimal(8,2) NOT NULL,
  `description_uk` text CHARACTER SET utf8mb4 COLLATE utf8mb4_unicode_ci NOT NULL,
  `description_ru` text CHARACTER SET utf8mb4 COLLATE utf8mb4_unicode_ci,
  `quantity` double(8,2) NOT NULL,
  `article` varchar(255) CHARACTER SET utf8mb4 COLLATE utf8mb4_unicode_ci NOT NULL,
  `thumbnail` varchar(255) CHARACTER SET utf8mb4 COLLATE utf8mb4_unicode_ci NOT NULL,
  `badge` enum('sale','newPrice','hit','new') CHARACTER SET utf8mb4 COLLATE utf8mb4_unicode_ci DEFAULT NULL,
  `created_at` timestamp NULL DEFAULT NULL,
  `updated_at` timestamp NULL DEFAULT NULL,
  PRIMARY KEY (`id`),
  KEY `products_category_id_foreign` (`category_id`),
  CONSTRAINT `products_category_id_foreign` FOREIGN KEY (`category_id`) REFERENCES `categories` (`id`) ON DELETE SET NULL
) ENGINE=InnoDB AUTO_INCREMENT=110 DEFAULT CHARSET=utf8mb4 COLLATE=utf8mb4_unicode_ci;
/*!40101 SET character_set_client = @saved_cs_client */;

--
-- Dumping data for table `products`
--

LOCK TABLES `products` WRITE;
/*!40000 ALTER TABLE `products` DISABLE KEYS */;
INSERT INTO `products` VALUES (100,1,'Букет \"Квітковий бал\"','Букет \"Цветочный бал\"',1350.00,'Свадебный букетСвадебный букетСвадебный букетСвадебный букет','Свадебный букетСвадебный букетСвадебный букетСвадебный букет',24.00,'0000009','public/yYfoDSAXzXEETduD_1714718440.png','sale','2024-04-04 20:10:11','2024-05-03 06:40:40'),(101,3,'Букет з гіацинтів \"Небесний\"','Букет из гиацинтов \"Небесный\"',1400.00,'букетбукетбукетбукетбукетбукетбукет\r\n                        dfsggfds','букетбукетбукетбукетбукетбукетбукет',15.00,'0000002','public/3bOUrFDeTQyjv8Sh_1714718590.jpg','newPrice','2024-04-06 20:15:12','2024-05-03 06:43:10'),(103,1,'Букет із ранункулюсів \"Ніжна карамель\"','Букет из ранункулюсов \"Нежная карамель\"',1700.00,'апапнуккрарвпкнампролсмипронг\r\n                        ckckhgckhg chcjcjchchcjhc','вапрогывапрукенгывуакпернгвапрно',12.00,'0000004','public/LYC1fQDuPkRXK83d_1714718600.jpg','hit','2024-04-07 07:20:45','2024-05-03 06:43:20'),(104,3,'Букет \"Погляд коханої\"','Букет \"Взгляд любимой\"',1200.00,'чмсбь бчь мбчьс ьм ьб сьб чбь бь б мсчмм','тячтсолячтсяолчстялочстя отсо ятч лолоя тлсяо ляост',12.00,'0000008','public/7YYAdDRQMXRGtNZ2_1714718613.jpg','sale','2024-04-07 16:49:26','2024-05-03 06:43:33'),(105,1,'Букет з гіпсофіли \"Полуничний зефір\"','Букет из гипсофилы \"Клубничный зефир\"',1022.00,'Букет новыйБукет новыйБукет новыйБукет новыйБукет новыйБукет новыйБукет новый',NULL,12.00,'0000010','public/RolGyrogt1FOE800_1714718623.jpg',NULL,'2024-04-16 20:16:01','2024-05-03 06:43:43'),(106,3,'Букет з гіпсофіли \"Веселка емоцій\"','Букет из гипсофилы \"Радуга эмоций\"',500.00,'Букет старыйБукет старыйБукет старыйБукет старыйБукет старыйБукет старыйБукет старыйБукет старыйБукет старыйБукет старыйБукет старый',NULL,10.00,'0000011','public/HEgmzW6A1La81Lz3_1714718633.jpg',NULL,'2024-04-16 20:16:32','2024-05-03 06:43:53'),(107,1,'Букет з 15 хризантем \"Чарівність\"','Букет из 15 хризантем \"Очарование\"',800.00,'Букет большойБукет большойБукет большойБукет большойБукет большойБукет большойБукет большойБукет большойБукет большойБукет большой',NULL,10.00,'0000012','public/lxb8GFC3E4CatYl3_1714718645.jpg',NULL,'2024-04-16 20:17:03','2024-05-03 06:44:05'),(108,4,'Троянди у коробці \"Рожевий оазис\"','Розы в коробке \"Розовый оазис\"',400.00,'Свеча толстая настеннаяСвеча толстая настеннаяСвеча толстая настеннаяСвеча толстая настенная','Свеча толстая настеннаяСвеча толстая настеннаяСвеча толстая настеннаяСвеча толстая настенная',10.00,'0000013','public/bn33gPWDbpDkJMMN_1714718665.jpg',NULL,'2024-04-18 12:27:58','2024-05-03 06:44:25'),(109,1,'Букет з гортензій \"Блакитне небо\"','Букет из гортензий \"Голубое небо\"',12.00,'asdasd as dasda das das das das das d','as da sdasd as das d as da',12.00,'0000014','public/IV10bcrzghSW7AM5_1714718677.jpg',NULL,'2024-04-18 12:31:53','2024-05-03 06:44:37');
/*!40000 ALTER TABLE `products` ENABLE KEYS */;
UNLOCK TABLES;

--
-- Table structure for table `subjects`
--

DROP TABLE IF EXISTS `subjects`;
/*!40101 SET @saved_cs_client     = @@character_set_client */;
/*!50503 SET character_set_client = utf8mb4 */;
CREATE TABLE `subjects` (
  `id` bigint unsigned NOT NULL AUTO_INCREMENT,
  `name_uk` varchar(255) CHARACTER SET utf8mb4 COLLATE utf8mb4_unicode_ci NOT NULL,
  `name_ru` varchar(255) CHARACTER SET utf8mb4 COLLATE utf8mb4_unicode_ci NOT NULL,
  `created_at` timestamp NULL DEFAULT NULL,
  `updated_at` timestamp NULL DEFAULT NULL,
  PRIMARY KEY (`id`)
) ENGINE=InnoDB AUTO_INCREMENT=4 DEFAULT CHARSET=utf8mb4 COLLATE=utf8mb4_unicode_ci;
/*!40101 SET character_set_client = @saved_cs_client */;

--
-- Dumping data for table `subjects`
--

LOCK TABLES `subjects` WRITE;
/*!40000 ALTER TABLE `subjects` DISABLE KEYS */;
INSERT INTO `subjects` VALUES (1,'Свадебные цветы','Свадебные цветы','2024-04-18 11:44:05','2024-04-18 11:44:05'),(2,'Праздничные квіти','Праздничные цветы','2024-04-18 11:44:35','2024-04-20 19:19:06'),(3,'Для нее','Для неї','2024-04-20 19:16:46','2024-04-20 19:16:46');
/*!40000 ALTER TABLE `subjects` ENABLE KEYS */;
UNLOCK TABLES;

--
-- Table structure for table `user_favorite_products`
--

DROP TABLE IF EXISTS `user_favorite_products`;
/*!40101 SET @saved_cs_client     = @@character_set_client */;
/*!50503 SET character_set_client = utf8mb4 */;
CREATE TABLE `user_favorite_products` (
  `id` bigint unsigned NOT NULL AUTO_INCREMENT,
  `product_id` bigint unsigned DEFAULT NULL,
  `user_id` bigint unsigned DEFAULT NULL,
  `created_at` timestamp NULL DEFAULT NULL,
  `updated_at` timestamp NULL DEFAULT NULL,
  PRIMARY KEY (`id`),
  KEY `user_favorite_products_user_id_foreign` (`user_id`),
  KEY `user_favorite_products_product_id_foreign` (`product_id`),
  CONSTRAINT `user_favorite_products_product_id_foreign` FOREIGN KEY (`product_id`) REFERENCES `products` (`id`) ON DELETE SET NULL,
  CONSTRAINT `user_favorite_products_user_id_foreign` FOREIGN KEY (`user_id`) REFERENCES `users` (`id`) ON DELETE SET NULL
) ENGINE=InnoDB AUTO_INCREMENT=82 DEFAULT CHARSET=utf8mb4 COLLATE=utf8mb4_unicode_ci;
/*!40101 SET character_set_client = @saved_cs_client */;

--
-- Dumping data for table `user_favorite_products`
--

LOCK TABLES `user_favorite_products` WRITE;
/*!40000 ALTER TABLE `user_favorite_products` DISABLE KEYS */;
INSERT INTO `user_favorite_products` VALUES (60,104,6246,NULL,NULL),(66,100,6246,NULL,NULL),(67,100,6246,NULL,NULL),(69,101,6246,NULL,NULL),(70,101,6246,NULL,NULL),(71,107,6247,NULL,NULL),(72,107,6247,NULL,NULL),(73,109,6247,NULL,NULL),(76,100,6245,NULL,NULL),(80,106,6245,NULL,NULL),(81,103,6245,NULL,NULL);
/*!40000 ALTER TABLE `user_favorite_products` ENABLE KEYS */;
UNLOCK TABLES;

--
-- Table structure for table `users`
--

DROP TABLE IF EXISTS `users`;
/*!40101 SET @saved_cs_client     = @@character_set_client */;
/*!50503 SET character_set_client = utf8mb4 */;
CREATE TABLE `users` (
  `id` bigint unsigned NOT NULL AUTO_INCREMENT,
  `full_name` varchar(255) CHARACTER SET utf8mb4 COLLATE utf8mb4_unicode_ci DEFAULT NULL,
  `phone` varchar(255) CHARACTER SET utf8mb4 COLLATE utf8mb4_unicode_ci NOT NULL,
  `balance` decimal(8,2) NOT NULL DEFAULT '0.00',
  `google_id` varchar(255) CHARACTER SET utf8mb4 COLLATE utf8mb4_unicode_ci DEFAULT NULL,
  `email` varchar(255) CHARACTER SET utf8mb4 COLLATE utf8mb4_unicode_ci DEFAULT NULL,
  `email_verified_at` timestamp NULL DEFAULT NULL,
  `password` varchar(255) CHARACTER SET utf8mb4 COLLATE utf8mb4_unicode_ci DEFAULT NULL,
  `is_admin` tinyint(1) NOT NULL DEFAULT '0',
  `remember_token` varchar(100) CHARACTER SET utf8mb4 COLLATE utf8mb4_unicode_ci DEFAULT NULL,
  `created_at` timestamp NULL DEFAULT NULL,
  `updated_at` timestamp NULL DEFAULT NULL,
  PRIMARY KEY (`id`),
  UNIQUE KEY `users_phone_unique` (`phone`),
  UNIQUE KEY `users_email_unique` (`email`)
) ENGINE=InnoDB AUTO_INCREMENT=6248 DEFAULT CHARSET=utf8mb4 COLLATE=utf8mb4_unicode_ci;
/*!40101 SET character_set_client = @saved_cs_client */;

--
-- Dumping data for table `users`
--

LOCK TABLES `users` WRITE;
/*!40000 ALTER TABLE `users` DISABLE KEYS */;
INSERT INTO `users` VALUES (6245,'Sevastian Borovskiy','0935464969',42.00,NULL,'foxcreatorg@gmail.com',NULL,'$2y$12$dhn4q9Zp0Gmdc5NgxqqWQOi2loLuQSa.vbxKajzLqnZkw0JZxFeo6',1,NULL,'2024-04-21 08:51:37','2024-05-07 09:33:53'),(6246,NULL,'0998887766',212.00,NULL,NULL,NULL,'$2y$12$GzQ366biRmiQRJ8KC2TcW.32SY83rJEvo9xbCjkavALCbRYMPQFje',1,NULL,'2024-05-03 10:31:23','2024-05-04 18:13:22'),(6247,NULL,'0995346787',500.00,NULL,'email.saw@gmail.com',NULL,'$2y$12$BYNLXrkfEoyr8lTWkRCBGOOso64jQ45GDnWMnE1vvIPNBGj0jccrW',0,NULL,'2024-05-04 20:35:58','2024-05-04 20:39:32');
/*!40000 ALTER TABLE `users` ENABLE KEYS */;
UNLOCK TABLES;
/*!40103 SET TIME_ZONE=@OLD_TIME_ZONE */;

/*!40101 SET SQL_MODE=@OLD_SQL_MODE */;
/*!40014 SET FOREIGN_KEY_CHECKS=@OLD_FOREIGN_KEY_CHECKS */;
/*!40014 SET UNIQUE_CHECKS=@OLD_UNIQUE_CHECKS */;
/*!40101 SET CHARACTER_SET_CLIENT=@OLD_CHARACTER_SET_CLIENT */;
/*!40101 SET CHARACTER_SET_RESULTS=@OLD_CHARACTER_SET_RESULTS */;
/*!40101 SET COLLATION_CONNECTION=@OLD_COLLATION_CONNECTION */;
/*!40111 SET SQL_NOTES=@OLD_SQL_NOTES */;

-- Dump completed on 2024-05-07 14:45:24
